movieCd,link,image,userRating
20196309,https://movie.naver.com/movie/bi/mi/basic.nhn?code=173123,https://ssl.pstatic.net/imgmovie/mdi/mit110/1731/173123_P06_135928.jpg,8.37
20183867,https://movie.naver.com/movie/bi/mi/basic.nhn?code=163788,https://ssl.pstatic.net/imgmovie/mdi/mit110/1637/163788_P18_105943.jpg,9.43
20184047,https://movie.naver.com/movie/bi/mi/basic.nhn?code=101966,https://ssl.pstatic.net/imgmovie/mdi/mit110/1019/101966_P09_114632.jpg,9.09
20185353,https://movie.naver.com/movie/bi/mi/basic.nhn?code=180209,https://ssl.pstatic.net/imgmovie/mdi/mit110/1802/180209_P42_134851.jpg,5.90
20183782,https://movie.naver.com/movie/bi/mi/basic.nhn?code=161967,https://ssl.pstatic.net/imgmovie/mdi/mit110/1619/161967_P80_151640.jpg,8.50
20185986,https://movie.naver.com/movie/bi/mi/basic.nhn?code=174834,https://ssl.pstatic.net/imgmovie/mdi/mit110/1748/174834_P53_105510.jpg,7.38
20191601,https://movie.naver.com/movie/bi/mi/basic.nhn?code=183783,https://ssl.pstatic.net/imgmovie/mdi/mit110/1837/183783_P16_105340.jpg,4.08
20199951,https://movie.naver.com/movie/bi/mi/basic.nhn?code=183850,https://ssl.pstatic.net/imgmovie/mdi/mit110/1838/183850_P16_113434.jpg,6.74
20196655,https://movie.naver.com/movie/bi/mi/basic.nhn?code=181698,https://ssl.pstatic.net/imgmovie/mdi/mit110/1816/181698_P38_102749.jpg,8.27
20192151,https://movie.naver.com/movie/bi/mi/basic.nhn?code=182014,https://ssl.pstatic.net/imgmovie/mdi/mit110/1820/182014_P09_102330.jpg,6.93
20198453,https://movie.naver.com/movie/bi/mi/basic.nhn?code=179125,https://ssl.pstatic.net/imgmovie/mdi/mit110/1791/179125_P44_162751.jpg,7.64
20190273,https://movie.naver.com/movie/bi/mi/basic.nhn?code=183836,https://ssl.pstatic.net/imgmovie/mdi/mit110/1838/183836_P33_161902.jpg,8.75
20182585,https://movie.naver.com/movie/bi/mi/basic.nhn?code=179875,https://ssl.pstatic.net/imgmovie/mdi/mit110/1798/179875_P37_142918.jpg,5.57
20192591,https://movie.naver.com/movie/bi/mi/basic.nhn?code=183666,https://ssl.pstatic.net/imgmovie/mdi/mit110/1836/183666_P01_135734.jpg,0.00
20192022,https://movie.naver.com/movie/bi/mi/basic.nhn?code=167633,https://ssl.pstatic.net/imgmovie/mdi/mit110/1676/167633_P18_100754.jpg,6.91
20196657,https://movie.naver.com/movie/bi/mi/basic.nhn?code=97631,https://ssl.pstatic.net/imgmovie/mdi/mit110/0976/97631_P49_094859.jpg,5.31
20190885,https://movie.naver.com/movie/bi/mi/basic.nhn?code=183820,https://ssl.pstatic.net/imgmovie/mdi/mit110/1838/183820_P08_141424.jpg,7.00
20182387,https://movie.naver.com/movie/bi/mi/basic.nhn?code=164125,https://ssl.pstatic.net/imgmovie/mdi/mit110/1641/164125_P65_143635.jpg,6.47
20190466,https://movie.naver.com/movie/bi/mi/basic.nhn?code=137865,https://ssl.pstatic.net/imgmovie/mdi/mit110/1378/137865_P17_113027.jpg,8.89
19880001,https://movie.naver.com/movie/bi/mi/basic.nhn?code=18781,https://ssl.pstatic.net/imgmovie/mdi/mit110/0187/18781_P40_110031.jpg,9.26
20191401,https://movie.naver.com/movie/bi/mi/basic.nhn?code=167053,https://ssl.pstatic.net/imgmovie/mdi/mit110/1670/167053_P13_111013.jpg,8.54
20198291,https://movie.naver.com/movie/bi/mi/basic.nhn?code=181704,https://ssl.pstatic.net/imgmovie/mdi/mit110/1817/181704_P35_105923.jpg,8.13
20184889,https://movie.naver.com/movie/bi/mi/basic.nhn?code=136900,https://ssl.pstatic.net/imgmovie/mdi/mit110/1369/136900_P57_104126.jpg,9.39
20188941,https://movie.naver.com/movie/bi/mi/basic.nhn?code=177967,https://ssl.pstatic.net/imgmovie/mdi/mit110/1779/177967_P50_114447.jpg,7.93
20184865,https://movie.naver.com/movie/bi/mi/basic.nhn?code=137327,https://ssl.pstatic.net/imgmovie/mdi/mit110/1373/137327_P17_171853.jpg,7.25
20199063,https://movie.naver.com/movie/bi/mi/basic.nhn?code=183870,https://ssl.pstatic.net/imgmovie/mdi/mit110/1838/183870_P25_095540.jpg,8.05
20188144,https://movie.naver.com/movie/bi/mi/basic.nhn?code=177371,https://ssl.pstatic.net/imgmovie/mdi/mit110/1773/177371_P20_114332.jpg,5.05
20184082,https://movie.naver.com/movie/bi/mi/basic.nhn?code=186899,https://ssl.pstatic.net/imgmovie/mdi/mit110/1868/186899_P01_111320.jpg,10.00
20199448,https://movie.naver.com/movie/bi/mi/basic.nhn?code=180169,https://ssl.pstatic.net/imgmovie/mdi/mit110/1801/180169_P64_101528.jpg,9.00
20198597,https://movie.naver.com/movie/bi/mi/basic.nhn?code=183132,https://ssl.pstatic.net/imgmovie/mdi/mit110/1831/183132_P05_134901.jpg,9.28
20199822,https://movie.naver.com/movie/bi/mi/basic.nhn?code=181701,https://ssl.pstatic.net/imgmovie/mdi/mit110/1817/181701_P09_111143.jpg,4.95
20187981,https://movie.naver.com/movie/bi/mi/basic.nhn?code=177483,https://ssl.pstatic.net/imgmovie/mdi/mit110/1774/177483_P122_133507.jpg,8.91
20198598,https://movie.naver.com/movie/bi/mi/basic.nhn?code=167657,https://ssl.pstatic.net/imgmovie/mdi/mit110/1676/167657_P03_163928.jpg,8.12
20185784,https://movie.naver.com/movie/bi/mi/basic.nhn?code=175366,https://ssl.pstatic.net/imgmovie/mdi/mit110/1753/175366_P31_101140.jpg,8.90
20198183,https://movie.naver.com/movie/bi/mi/basic.nhn?code=183136,https://ssl.pstatic.net/imgmovie/mdi/mit110/1831/183136_P10_134628.jpg,9.28
20185384,https://movie.naver.com/movie/bi/mi/basic.nhn?code=165022,https://ssl.pstatic.net/imgmovie/mdi/mit110/1650/165022_P15_153454.jpg,9.11
20197503,https://movie.naver.com/movie/bi/mi/basic.nhn?code=151550,https://ssl.pstatic.net/imgmovie/mdi/mit110/1515/151550_P22_095949.jpg,6.87
20197147,https://movie.naver.com/movie/bi/mi/basic.nhn?code=182012,https://ssl.pstatic.net/imgmovie/mdi/mit110/1820/182012_P08_135215.jpg,9.18
20169323,https://movie.naver.com/movie/bi/mi/basic.nhn?code=148863,https://ssl.pstatic.net/imgmovie/mdi/mit110/1488/148863_P10_094956.jpg,8.35
20183096,https://movie.naver.com/movie/bi/mi/basic.nhn?code=174050,https://ssl.pstatic.net/imgmovie/mdi/mit110/1740/174050_P32_172314.jpg,7.15
20181877,https://movie.naver.com/movie/bi/mi/basic.nhn?code=132623,https://ssl.pstatic.net/imgmovie/mdi/mit110/1326/132623_P22_133853.jpg,6.74
20060347,https://movie.naver.com/movie/bi/mi/basic.nhn?code=49336,https://ssl.pstatic.net/imgmovie/mdi/mit110/0493/49336_P59_105053.jpg,7.90
20199736,https://movie.naver.com/movie/bi/mi/basic.nhn?code=184253,https://ssl.pstatic.net/imgmovie/mdi/mit110/1842/184253_P10_155905.jpg,8.86
20183454,https://movie.naver.com/movie/bi/mi/basic.nhn?code=180399,https://ssl.pstatic.net/imgmovie/mdi/mit110/1803/180399_P00_154546.jpg,6.90
20180825,https://movie.naver.com/movie/bi/mi/basic.nhn?code=171785,https://ssl.pstatic.net/imgmovie/mdi/mit110/1717/171785_P84_181225.jpg,8.31
20198982,https://movie.naver.com/movie/bi/mi/basic.nhn?code=159845,https://ssl.pstatic.net/imgmovie/mdi/mit110/1598/159845_P12_102707.jpg,8.84
19990220,https://movie.naver.com/movie/bi/mi/basic.nhn?code=24830,https://ssl.pstatic.net/imgmovie/mdi/mit110/0248/24830_P18_133358.jpg,9.07
20176103,https://movie.naver.com/movie/bi/mi/basic.nhn?code=185267,https://ssl.pstatic.net/imgmovie/mdi/mit110/1852/185267_P03_110346.jpg,7.42
20198104,https://movie.naver.com/movie/bi/mi/basic.nhn?code=168045,https://ssl.pstatic.net/imgmovie/mdi/mit110/1680/168045_P15_100136.jpg,8.47
20185406,https://movie.naver.com/movie/bi/mi/basic.nhn?code=164200,https://ssl.pstatic.net/imgmovie/mdi/mit110/1642/164200_P05_105455.jpg,6.87
20182501,https://movie.naver.com/movie/bi/mi/basic.nhn?code=173667,https://ssl.pstatic.net/imgmovie/mdi/mit110/1736/173667_P27_101947.jpg,5.30
20198844,https://movie.naver.com/movie/bi/mi/basic.nhn?code=183063,https://ssl.pstatic.net/imgmovie/mdi/mit110/1830/183063_P01_142452.jpg,0.00
20196244,https://movie.naver.com/movie/bi/mi/basic.nhn?code=140649,https://ssl.pstatic.net/imgmovie/mdi/mit110/1406/140649_P11_111034.jpg,5.84
20185352,https://movie.naver.com/movie/bi/mi/basic.nhn?code=181414,https://ssl.pstatic.net/imgmovie/mdi/mit110/1814/181414_P24_174349.jpg,6.82
20197423,https://movie.naver.com/movie/bi/mi/basic.nhn?code=181419,https://ssl.pstatic.net/imgmovie/mdi/mit110/1814/181419_P28_165542.jpg,4.86
20183773,https://movie.naver.com/movie/bi/mi/basic.nhn?code=180381,https://ssl.pstatic.net/imgmovie/mdi/mit110/1803/180381_P17_103533.jpg,8.27
20198403,https://movie.naver.com/movie/bi/mi/basic.nhn?code=181912,https://ssl.pstatic.net/imgmovie/mdi/mit110/1819/181912_P10_135327.jpg,8.98
20196025,https://movie.naver.com/movie/bi/mi/basic.nhn?code=163787,https://ssl.pstatic.net/imgmovie/mdi/mit110/1637/163787_P33_174808.jpg,8.94
20197092,https://movie.naver.com/movie/bi/mi/basic.nhn?code=182348,https://ssl.pstatic.net/imgmovie/mdi/mit110/1823/182348_P02_174720.jpg,9.30
20198146,https://movie.naver.com/movie/bi/mi/basic.nhn?code=171533,https://ssl.pstatic.net/imgmovie/mdi/mit110/1715/171533_P29_143351.jpg,8.67
20197846,https://movie.naver.com/movie/bi/mi/basic.nhn?code=153580,https://ssl.pstatic.net/imgmovie/mdi/mit110/1535/153580_P24_103637.jpg,5.78
20175407,https://movie.naver.com/movie/bi/mi/basic.nhn?code=161984,https://ssl.pstatic.net/imgmovie/mdi/mit110/1619/161984_P61_144815.jpg,3.94
20166301,https://movie.naver.com/movie/bi/mi/basic.nhn?code=152624,https://ssl.pstatic.net/imgmovie/mdi/mit110/1526/152624_P34_161443.jpg,5.93
20197483,https://movie.naver.com/movie/bi/mi/basic.nhn?code=182407,https://ssl.pstatic.net/imgmovie/mdi/mit110/1824/182407_P00_105405.jpg,8.29
20197283,https://movie.naver.com/movie/bi/mi/basic.nhn?code=180425,https://ssl.pstatic.net/imgmovie/mdi/mit110/1804/180425_P19_175210.jpg,7.63
20197356,https://movie.naver.com/movie/bi/mi/basic.nhn?code=179974,https://ssl.pstatic.net/imgmovie/mdi/mit110/1799/179974_P01_153621.jpg,8.82
20198603,https://movie.naver.com/movie/bi/mi/basic.nhn?code=169263,https://ssl.pstatic.net/imgmovie/mdi/mit110/1692/169263_P01_094955.jpg,7.93
20197617,https://movie.naver.com/movie/bi/mi/basic.nhn?code=149022,https://ssl.pstatic.net/imgmovie/mdi/mit110/1490/149022_P12_110503.jpg,6.94
20184574,https://movie.naver.com/movie/bi/mi/basic.nhn?code=171539,https://ssl.pstatic.net/imgmovie/mdi/mit110/1715/171539_P26_135622.jpg,9.61
20196601,https://movie.naver.com/movie/bi/mi/basic.nhn?code=182360,https://ssl.pstatic.net/imgmovie/mdi/mit110/1823/182360_P11_140223.jpg,8.59
20182530,https://movie.naver.com/movie/bi/mi/basic.nhn?code=167651,https://ssl.pstatic.net/imgmovie/mdi/mit110/1676/167651_P106_141030.jpg,8.53
20185881,https://movie.naver.com/movie/bi/mi/basic.nhn?code=177374,https://ssl.pstatic.net/imgmovie/mdi/mit110/1773/177374_P100_112832.jpg,9.07
20177539,https://movie.naver.com/movie/bi/mi/basic.nhn?code=167099,https://ssl.pstatic.net/imgmovie/mdi/mit110/1670/167099_P13_101134.jpg,7.20
20196723,https://movie.naver.com/movie/bi/mi/basic.nhn?code=182206,https://ssl.pstatic.net/imgmovie/mdi/mit110/1822/182206_P12_121114.jpg,8.63
20180937,https://movie.naver.com/movie/bi/mi/basic.nhn?code=148909,https://ssl.pstatic.net/imgmovie/mdi/mit110/1489/148909_P29_164758.jpg,8.77
20177282,https://movie.naver.com/movie/bi/mi/basic.nhn?code=170953,https://ssl.pstatic.net/imgmovie/mdi/mit110/1709/170953_P08_140411.jpg,8.10
20176442,https://movie.naver.com/movie/bi/mi/basic.nhn?code=159070,https://ssl.pstatic.net/imgmovie/mdi/mit110/1590/159070_P13_114738.jpg,3.84
20195743,https://movie.naver.com/movie/bi/mi/basic.nhn?code=181959,https://ssl.pstatic.net/imgmovie/mdi/mit110/1819/181959_P11_114544.jpg,6.37
20195791,https://movie.naver.com/movie/bi/mi/basic.nhn?code=167629,https://ssl.pstatic.net/imgmovie/mdi/mit110/1676/167629_P17_105046.jpg,4.50
20186261,https://movie.naver.com/movie/bi/mi/basic.nhn?code=109193,https://ssl.pstatic.net/imgmovie/mdi/mit110/1091/109193_P21_103935.jpg,9.24
20188282,https://movie.naver.com/movie/bi/mi/basic.nhn?code=66728,https://ssl.pstatic.net/imgmovie/mdi/mit110/0667/66728_P38_102726.jpg,8.71
20195915,https://movie.naver.com/movie/bi/mi/basic.nhn?code=181411,https://ssl.pstatic.net/imgmovie/mdi/mit110/1814/181411_P02_101349.jpg,7.39
20020222,https://movie.naver.com/movie/bi/mi/basic.nhn?code=33930,https://ssl.pstatic.net/imgmovie/mdi/mit110/0339/C3930-06.jpg,8.86
20185576,https://movie.naver.com/movie/bi/mi/basic.nhn?code=181409,https://ssl.pstatic.net/imgmovie/mdi/mit110/1814/181409_P30_100656.jpg,6.58
20184888,https://movie.naver.com/movie/bi/mi/basic.nhn?code=151151,https://ssl.pstatic.net/imgmovie/mdi/mit110/1511/151151_P24_105029.jpg,8.18
20174169,https://movie.naver.com/movie/bi/mi/basic.nhn?code=169078,https://ssl.pstatic.net/imgmovie/mdi/mit110/1690/169078_P66_101231.jpg,5.89
20180868,https://movie.naver.com/movie/bi/mi/basic.nhn?code=164173,https://ssl.pstatic.net/imgmovie/mdi/mit110/1641/164173_P45_171744.jpg,6.08
20162003,https://movie.naver.com/movie/bi/mi/basic.nhn?code=48233,https://ssl.pstatic.net/imgmovie/mdi/mit110/0482/48233_P05_140218.jpg,8.29
20185478,https://movie.naver.com/movie/bi/mi/basic.nhn?code=181554,https://ssl.pstatic.net/imgmovie/mdi/mit110/1815/181554_P23_112202.jpg,8.75
20185444,https://movie.naver.com/movie/bi/mi/basic.nhn?code=125438,https://ssl.pstatic.net/imgmovie/mdi/mit110/1254/125438_P06_114959.jpg,8.73
20184105,https://movie.naver.com/movie/bi/mi/basic.nhn?code=167699,https://ssl.pstatic.net/imgmovie/mdi/mit110/1676/167699_P40_175859.jpg,9.07
20185124,https://movie.naver.com/movie/bi/mi/basic.nhn?code=180220,https://ssl.pstatic.net/imgmovie/mdi/mit110/1802/180220_P01_102406.jpg,9.28
20184896,https://movie.naver.com/movie/bi/mi/basic.nhn?code=174830,https://ssl.pstatic.net/imgmovie/mdi/mit110/1748/174830_P17_104205.jpg,9.59
20176251,https://movie.naver.com/movie/bi/mi/basic.nhn?code=164172,https://ssl.pstatic.net/imgmovie/mdi/mit110/1641/164172_P08_114039.jpg,8.19
20189463,https://movie.naver.com/movie/bi/mi/basic.nhn?code=152632,https://ssl.pstatic.net/imgmovie/mdi/mit110/1526/152632_P19_104759.jpg,8.68
20182544,https://movie.naver.com/movie/bi/mi/basic.nhn?code=163826,https://ssl.pstatic.net/imgmovie/mdi/mit110/1638/163826_P07_174644.jpg,7.40
20186324,https://movie.naver.com/movie/bi/mi/basic.nhn?code=144318,https://ssl.pstatic.net/imgmovie/mdi/mit110/1443/144318_P19_100103.jpg,9.31
20185485,https://movie.naver.com/movie/bi/mi/basic.nhn?code=156464,https://ssl.pstatic.net/imgmovie/mdi/mit110/1564/156464_P49_182103.jpg,9.42
20189385,https://movie.naver.com/movie/bi/mi/basic.nhn?code=168056,https://ssl.pstatic.net/imgmovie/mdi/mit110/1680/168056_P10_100606.jpg,7.19
20180290,https://movie.naver.com/movie/bi/mi/basic.nhn?code=151153,https://ssl.pstatic.net/imgmovie/mdi/mit110/1511/151153_P19_095147.jpg,8.35
20183915,https://movie.naver.com/movie/bi/mi/basic.nhn?code=180372,https://ssl.pstatic.net/imgmovie/mdi/mit110/1803/180372_P16_101254.jpg,9.14
20182588,https://movie.naver.com/movie/bi/mi/basic.nhn?code=172137,https://ssl.pstatic.net/imgmovie/mdi/mit110/1721/172137_P12_134909.jpg,6.05
20186281,https://movie.naver.com/movie/bi/mi/basic.nhn?code=164139,https://ssl.pstatic.net/imgmovie/mdi/mit110/1641/164139_P12_153521.jpg,8.09
20170658,https://movie.naver.com/movie/bi/mi/basic.nhn?code=166092,https://ssl.pstatic.net/imgmovie/mdi/mit110/1660/166092_P35_104446.jpg,5.21
20175547,https://movie.naver.com/movie/bi/mi/basic.nhn?code=164101,https://ssl.pstatic.net/imgmovie/mdi/mit110/1641/164101_P62_155759.jpg,8.36
20183785,https://movie.naver.com/movie/bi/mi/basic.nhn?code=180379,https://ssl.pstatic.net/imgmovie/mdi/mit110/1803/180379_P32_111508.jpg,9.13
20184187,https://movie.naver.com/movie/bi/mi/basic.nhn?code=187444,https://ssl.pstatic.net/imgmovie/mdi/mit110/1874/187444_P01_113615.jpg,8.33
20182421,https://movie.naver.com/movie/bi/mi/basic.nhn?code=150688,https://ssl.pstatic.net/imgmovie/mdi/mit110/1506/150688_P30_101919.jpg,8.33
20168773,https://movie.naver.com/movie/bi/mi/basic.nhn?code=157297,https://ssl.pstatic.net/imgmovie/mdi/mit110/1572/157297_P23_134212.jpg,6.33
20183479,https://movie.naver.com/movie/bi/mi/basic.nhn?code=172975,https://ssl.pstatic.net/imgmovie/mdi/mit110/1729/172975_P10_141815.jpg,8.29
20183238,https://movie.naver.com/movie/bi/mi/basic.nhn?code=171725,https://ssl.pstatic.net/imgmovie/mdi/mit110/1717/171725_P18_175530.jpg,9.21
20177552,https://movie.naver.com/movie/bi/mi/basic.nhn?code=164192,https://ssl.pstatic.net/imgmovie/mdi/mit110/1641/164192_P45_134107.jpg,8.16
20179230,https://movie.naver.com/movie/bi/mi/basic.nhn?code=171755,https://ssl.pstatic.net/imgmovie/mdi/mit110/1717/171755_P39_140011.jpg,6.01
20183375,https://movie.naver.com/movie/bi/mi/basic.nhn?code=172187,https://ssl.pstatic.net/imgmovie/mdi/mit110/1721/172187_P19_110125.jpg,8.97
20189843,https://movie.naver.com/movie/bi/mi/basic.nhn?code=158622,https://ssl.pstatic.net/imgmovie/mdi/mit110/1586/158622_P18_142307.jpg,7.16
20182082,https://movie.naver.com/movie/bi/mi/basic.nhn?code=171452,https://ssl.pstatic.net/imgmovie/mdi/mit110/1714/171452_P19_174244.jpg,7.81
20178825,https://movie.naver.com/movie/bi/mi/basic.nhn?code=156496,https://ssl.pstatic.net/imgmovie/mdi/mit110/1564/156496_P24_153246.jpg,6.15
20183745,https://movie.naver.com/movie/bi/mi/basic.nhn?code=180384,https://ssl.pstatic.net/imgmovie/mdi/mit110/1803/180384_P14_152246.jpg,7.73
20177538,https://movie.naver.com/movie/bi/mi/basic.nhn?code=167638,https://ssl.pstatic.net/imgmovie/mdi/mit110/1676/167638_P71_133542.jpg,8.63
20184481,https://movie.naver.com/movie/bi/mi/basic.nhn?code=174835,https://ssl.pstatic.net/imgmovie/mdi/mit110/1748/174835_P26_105639.jpg,7.52
20181905,https://movie.naver.com/movie/bi/mi/basic.nhn?code=144266,https://ssl.pstatic.net/imgmovie/mdi/mit110/1442/144266_P15_111933.jpg,6.61
20176814,https://movie.naver.com/movie/bi/mi/basic.nhn?code=154255,https://ssl.pstatic.net/imgmovie/mdi/mit110/1542/154255_P24_095824.jpg,6.18
20183073,https://movie.naver.com/movie/bi/mi/basic.nhn?code=144906,https://ssl.pstatic.net/imgmovie/mdi/mit110/1449/144906_P15_103017.jpg,9.53
20181171,https://movie.naver.com/movie/bi/mi/basic.nhn?code=173692,https://ssl.pstatic.net/imgmovie/mdi/mit110/1736/173692_P12_102159.jpg,9.17
20183007,https://movie.naver.com/movie/bi/mi/basic.nhn?code=161868,https://ssl.pstatic.net/imgmovie/mdi/mit110/1618/161868_P24_151256.jpg,7.88
20182966,https://movie.naver.com/movie/bi/mi/basic.nhn?code=179138,https://ssl.pstatic.net/imgmovie/mdi/mit110/1791/179138_P01_151818.jpg,4.54
20183050,https://movie.naver.com/movie/bi/mi/basic.nhn?code=176354,https://ssl.pstatic.net/imgmovie/mdi/mit110/1763/176354_P13_150227.jpg,9.31
20182935,https://movie.naver.com/movie/bi/mi/basic.nhn?code=179139,https://ssl.pstatic.net/imgmovie/mdi/mit110/1791/179139_P14_100455.jpg,8.76
20182669,https://movie.naver.com/movie/bi/mi/basic.nhn?code=154653,https://ssl.pstatic.net/imgmovie/mdi/mit110/1546/154653_P12_102646.jpg,8.84
20186822,https://movie.naver.com/movie/bi/mi/basic.nhn?code=175318,https://ssl.pstatic.net/imgmovie/mdi/mit110/1753/175318_P15_105507.jpg,8.25
20170513,https://movie.naver.com/movie/bi/mi/basic.nhn?code=166610,https://ssl.pstatic.net/imgmovie/mdi/mit110/1666/166610_P58_154049.jpg,5.33
20189869,https://movie.naver.com/movie/bi/mi/basic.nhn?code=164147,https://ssl.pstatic.net/imgmovie/mdi/mit110/1641/164147_P46_165808.jpg,7.49
20174981,https://movie.naver.com/movie/bi/mi/basic.nhn?code=160487,https://ssl.pstatic.net/imgmovie/mdi/mit110/1604/160487_P48_113750.jpg,5.07
20010291,https://movie.naver.com/movie/bi/mi/basic.nhn?code=30688,https://ssl.pstatic.net/imgmovie/mdi/mit110/0306/30688_P28_142632.jpg,9.22
20179006,https://movie.naver.com/movie/bi/mi/basic.nhn?code=171750,https://ssl.pstatic.net/imgmovie/mdi/mit110/1717/171750_P05_173050.jpg,4.21
20181404,https://movie.naver.com/movie/bi/mi/basic.nhn?code=164155,https://ssl.pstatic.net/imgmovie/mdi/mit110/1641/164155_P03_122329.jpg,6.03
20180523,https://movie.naver.com/movie/bi/mi/basic.nhn?code=168050,https://ssl.pstatic.net/imgmovie/mdi/mit110/1680/168050_P19_100458.jpg,9.15
20182693,https://movie.naver.com/movie/bi/mi/basic.nhn?code=172819,https://ssl.pstatic.net/imgmovie/mdi/mit110/1728/172819_P01_163303.jpg,7.39
20180987,https://movie.naver.com/movie/bi/mi/basic.nhn?code=170879,https://ssl.pstatic.net/imgmovie/mdi/mit110/1708/170879_P03_161546.jpg,6.30
20179189,https://movie.naver.com/movie/bi/mi/basic.nhn?code=167105,https://ssl.pstatic.net/imgmovie/mdi/mit110/1671/167105_P28_103614.jpg,8.32
20189067,https://movie.naver.com/movie/bi/mi/basic.nhn?code=155356,https://ssl.pstatic.net/imgmovie/mdi/mit110/1553/155356_P29_104216.jpg,9.10
20182403,https://movie.naver.com/movie/bi/mi/basic.nhn?code=168047,https://ssl.pstatic.net/imgmovie/mdi/mit110/1680/168047_P06_140254.jpg,7.05
20186321,https://movie.naver.com/movie/bi/mi/basic.nhn?code=168058,https://ssl.pstatic.net/imgmovie/mdi/mit110/1680/168058_P18_101211.jpg,6.95
20177221,https://movie.naver.com/movie/bi/mi/basic.nhn?code=119428,https://ssl.pstatic.net/imgmovie/mdi/mit110/1194/119428_P08_114709.jpg,7.90
20189123,https://movie.naver.com/movie/bi/mi/basic.nhn?code=168023,https://ssl.pstatic.net/imgmovie/mdi/mit110/1680/168023_P15_161116.jpg,8.95
20176122,https://movie.naver.com/movie/bi/mi/basic.nhn?code=163533,https://ssl.pstatic.net/imgmovie/mdi/mit110/1635/163533_P99_105455.jpg,8.00
20184678,https://movie.naver.com/movie/bi/mi/basic.nhn?code=174807,https://ssl.pstatic.net/imgmovie/mdi/mit110/1748/174807_P19_111000.jpg,5.35
20187521,https://movie.naver.com/movie/bi/mi/basic.nhn?code=177381,https://ssl.pstatic.net/imgmovie/mdi/mit110/1773/177381_P01_144141.jpg,6.63
20180628,https://movie.naver.com/movie/bi/mi/basic.nhn?code=167481,https://ssl.pstatic.net/imgmovie/mdi/mit110/1674/167481_P05_145414.jpg,7.03
20180770,https://movie.naver.com/movie/bi/mi/basic.nhn?code=178402,https://ssl.pstatic.net/imgmovie/mdi/mit110/1784/178402_P16_115047.jpg,5.15
20189462,https://movie.naver.com/movie/bi/mi/basic.nhn?code=158620,https://ssl.pstatic.net/imgmovie/mdi/mit110/1586/158620_P19_101107.jpg,8.51
20177308,https://movie.naver.com/movie/bi/mi/basic.nhn?code=164106,https://ssl.pstatic.net/imgmovie/mdi/mit110/1641/164106_P16_135532.jpg,7.36
20188661,https://movie.naver.com/movie/bi/mi/basic.nhn?code=170824,https://ssl.pstatic.net/imgmovie/mdi/mit110/1708/170824_P15_182407.jpg,7.53
20172204,https://movie.naver.com/movie/bi/mi/basic.nhn?code=162981,https://ssl.pstatic.net/imgmovie/mdi/mit110/1629/162981_P72_153440.jpg,7.06
20167903,https://movie.naver.com/movie/bi/mi/basic.nhn?code=152156,https://ssl.pstatic.net/imgmovie/mdi/mit110/1521/152156_P76_134247.jpg,6.63
20189262,https://movie.naver.com/movie/bi/mi/basic.nhn?code=168049,https://ssl.pstatic.net/imgmovie/mdi/mit110/1680/168049_P02_145901.jpg,6.67
20185046,https://movie.naver.com/movie/bi/mi/basic.nhn?code=184543,https://ssl.pstatic.net/imgmovie/mdi/mit110/1845/184543_P01_155230.png,0.00
20188304,https://movie.naver.com/movie/bi/mi/basic.nhn?code=170496,https://ssl.pstatic.net/imgmovie/mdi/mit110/1704/170496_P19_142149.jpg,8.84
20189268,https://movie.naver.com/movie/bi/mi/basic.nhn?code=178214,https://ssl.pstatic.net/imgmovie/mdi/mit110/1782/178214_P10_102058.jpg,8.90
20180167,https://movie.naver.com/movie/bi/mi/basic.nhn?code=178426,https://ssl.pstatic.net/imgmovie/mdi/mit110/1784/178426_P18_102633.jpg,5.33
20189746,https://movie.naver.com/movie/bi/mi/basic.nhn?code=178445,https://ssl.pstatic.net/imgmovie/mdi/mit110/1784/178445_P01_100308.jpg,9.00
20156554,https://movie.naver.com/movie/bi/mi/basic.nhn?code=132996,https://ssl.pstatic.net/imgmovie/mdi/mit110/1329/132996_P35_100121.jpg,4.82
20153446,https://movie.naver.com/movie/bi/mi/basic.nhn?code=140652,https://ssl.pstatic.net/imgmovie/mdi/mit110/1406/140652_P38_143110.jpg,8.42
20188581,https://movie.naver.com/movie/bi/mi/basic.nhn?code=127335,https://ssl.pstatic.net/imgmovie/mdi/mit110/1273/127335_P10_172314.jpg,5.82
20189362,https://movie.naver.com/movie/bi/mi/basic.nhn?code=174626,https://ssl.pstatic.net/imgmovie/mdi/mit110/1746/174626_P11_140653.jpg,9.02
20177537,https://movie.naver.com/movie/bi/mi/basic.nhn?code=172010,https://ssl.pstatic.net/imgmovie/mdi/mit110/1720/172010_P10_141651.jpg,4.25
20181942,https://movie.naver.com/movie/bi/mi/basic.nhn?code=164115,https://ssl.pstatic.net/imgmovie/mdi/mit110/1641/164115_P50_104521.jpg,8.96
20186202,https://movie.naver.com/movie/bi/mi/basic.nhn?code=167697,https://ssl.pstatic.net/imgmovie/mdi/mit110/1676/167697_P01_113354.jpg,7.71
20179101,https://movie.naver.com/movie/bi/mi/basic.nhn?code=153687,https://ssl.pstatic.net/imgmovie/mdi/mit110/1536/153687_P54_102718.jpg,6.85
20170670,https://movie.naver.com/movie/bi/mi/basic.nhn?code=153642,https://ssl.pstatic.net/imgmovie/mdi/mit110/1536/153642_P102_113909.jpg,7.79
20189261,https://movie.naver.com/movie/bi/mi/basic.nhn?code=172768,https://ssl.pstatic.net/imgmovie/mdi/mit110/1727/172768_P23_140008.jpg,8.73
20187647,https://movie.naver.com/movie/bi/mi/basic.nhn?code=167602,https://ssl.pstatic.net/imgmovie/mdi/mit110/1676/167602_P09_101816.jpg,7.91
20181181,https://movie.naver.com/movie/bi/mi/basic.nhn?code=154222,https://ssl.pstatic.net/imgmovie/mdi/mit110/1542/154222_P07_114856.jpg,9.12
20139221,https://movie.naver.com/movie/bi/mi/basic.nhn?code=47370,https://ssl.pstatic.net/imgmovie/mdi/mit110/0473/47370_P32_143517.jpg,8.28
20184802,https://movie.naver.com/movie/bi/mi/basic.nhn?code=169643,https://ssl.pstatic.net/imgmovie/mdi/mit110/1696/169643_P26_103310.jpg,8.59
20183584,https://movie.naver.com/movie/bi/mi/basic.nhn?code=152661,https://ssl.pstatic.net/imgmovie/mdi/mit110/1526/152661_P02_173353.jpg,5.87
20187657,https://movie.naver.com/movie/bi/mi/basic.nhn?code=171499,https://ssl.pstatic.net/imgmovie/mdi/mit110/1714/171499_P38_160259.jpg,7.41
20187641,https://movie.naver.com/movie/bi/mi/basic.nhn?code=172118,https://ssl.pstatic.net/imgmovie/mdi/mit110/1721/172118_P13_110330.jpg,8.76
20187427,https://movie.naver.com/movie/bi/mi/basic.nhn?code=173019,https://ssl.pstatic.net/imgmovie/mdi/mit110/1730/173019_P30_150613.jpg,9.07
20186501,https://movie.naver.com/movie/bi/mi/basic.nhn?code=175727,https://ssl.pstatic.net/imgmovie/mdi/mit110/1757/175727_P08_154401.jpg,9.23
20183361,https://movie.naver.com/movie/bi/mi/basic.nhn?code=136990,https://ssl.pstatic.net/imgmovie/mdi/mit110/1369/136990_P27_140604.jpg,9.23
20185242,https://movie.naver.com/movie/bi/mi/basic.nhn?code=174805,https://ssl.pstatic.net/imgmovie/mdi/mit110/1748/174805_P12_100714.jpg,8.72
20186121,https://movie.naver.com/movie/bi/mi/basic.nhn?code=172174,https://ssl.pstatic.net/imgmovie/mdi/mit110/1721/172174_P20_110537.jpg,9.21
20170942,https://movie.naver.com/movie/bi/mi/basic.nhn?code=109906,https://ssl.pstatic.net/imgmovie/mdi/mit110/1099/109906_P00_103901.jpg,3.85
20180522,https://movie.naver.com/movie/bi/mi/basic.nhn?code=144330,https://ssl.pstatic.net/imgmovie/mdi/mit110/1443/144330_P05_110325.jpg,8.62
20185341,https://movie.naver.com/movie/bi/mi/basic.nhn?code=175322,https://ssl.pstatic.net/imgmovie/mdi/mit110/1753/175322_P98_135944.jpg,8.18
