peopleCd,peopleNm,repRoleNm,filmoNames
10038689,존 왓츠,감독,스파이더맨: 파 프롬 홈|스파이더맨: 홈 커밍|캅카
10000296,가이 리치,감독,알라딘|킹 아서: 제왕의 검|맨 프롬 UNCLE|셜록홈즈 : 그림자 게임|셜록 홈즈|락큰롤라|리볼버|스웹트 어웨이|스내치|록 스탁 앤 2 스모킹 배럴즈
10023314,조시 쿨리,감독,토이 스토리 4
20209287,남대중,감독,기방도령|위대한 소원
10031641,봉준호,감독,"기생충|옥자|해무(海霧)|설국열차|토니 레인즈의 한국영화 25년|마더|감독들, 김기영을 말하다|괴물|남극일기|살인의 추억|이공|피도 눈물도 없이|플란다스의 개|유령|모텔 선인장|인플루엔자|싱크 & 라이즈|백색인|지리멸렬|프레임 속의 기억들|인디포럼2014 필름1|도쿄!"
20148215,고정욱,조감독,진범|몽타주|흉터|채식주의자|사랑 따윈 필요 없어|독개구리
20148217,고정욱,액션/스턴트팀,와일드 카드
20148216,고정욱,제작팀,달마야 놀자
10090941,히라야마 미호,감독,극장판 엉덩이 탐정: 화려한 사건 수첩
10018162,게리 도버먼,감독,애나벨 집으로
10071639,채드 스타헬스키,배우,존 윅 3: 파라벨룸|존 윅 - 리로드|존 윅: 특별판|존 윅|네미시스 2 
10021926,아리 애스터,감독,미드소마|유전
20135271,강윤성,감독,롱 리브 더 킹: 목포 영웅|범죄도시|영어완전정복
20135280,강윤성,애니메이션팀,유아독존
10066410,로버트 페르난데스,감독,천로역정: 천국을 찾아서
20196179,이정호,배우,독전|신 전래동화|그것만이 내 세상|강철비|남한산성|로마의 휴일|불한당: 나쁜 놈들의 세상|신의 한 수|찌라시: 위험한 소문
20159442,이정호,사운드효과,"여선생2|7년의 밤|여자친구|곤지암|소공녀|여배우는 오늘도|장산범|마리안느와 마가렛|1급기밀|더 테이블|리얼|불한당: 나쁜 놈들의 세상|눈발|조작된 도시|더 킹|가려진 시간|고산자, 대동여지도|최악의 하루|덕혜옹주|인천상륙작전|봉이 김선달|아가씨|두 번째 스물|귀향|협녀, 칼의 기억|암살|개: dog eat dog|4등|나의 절친 악당들|장수상회|화장|쎄시봉|미라클 여행기|빅매치|카트|제보자|우는 남자|좀비스쿨|족구왕|찌라시: 위험한 소문|관능의 법칙|조선미녀삼총사|열한시|동창생|숨바꼭질|더 테러 라이브|전국노래자랑|전설의 주먹|분노의 윤리학|남영동1985|R2B: 리턴투베이스|도둑들|연가시|후궁 : 제왕의 첩|두레소리|시체가 돌아왔다|가비|화차|범죄와의 전쟁: 나쁜놈들 전성시대|페이스메이커|부러진 화살|마이 웨이|오직 그대만|의뢰인|플레이|아이들...|우리에게 떡볶이를 먹을 권리가 있다|청출어람"
20314275,이정호,소품팀,국가부도의 날
20199349,이정호,조명팀,완벽한 타인|반드시 잡는다|미씽: 사라진 여자|나는 야한 여자가 좋다 3|가자! 장미여관으로 3 - 방황|나는 야한 여자가 좋다 2
10057331,이정호,감독,비스트|방황하는 칼날|베스트셀러|용서는 없다|슈퍼맨이었던 사나이|좋지 아니한가|흡혈형사 나도열|령|청풍명월(淸風明月)|마고|물위의 하룻밤
20159443,이정호,음악 믹싱/레코딩,모범생|내 사랑 내 곁에
20294609,이정호,사운드팀,남한산성|두근두근
20217706,이정호,폴리,여선생|엄마친구 2|청춘학당2 기생난입야사|감금의 시간|엄마친구|외출|맛있는 택배
20181659,이정호,각색,석조저택 살인사건|더 폰|간첩
20159373,이정호,제작팀,보안관|라라 선샤인|밤과 낮|스카우트|사랑|소년은 울지 않는다
20328592,,감독,이사도라의 아이들
20326192,,감독,윤회
20328572,,배우,"연애의 발동 : 상해 여자, 부산 남자|라스트 갓파더"
10004401,,감독,물아기|갯벌아! 갯벌아!|달빛 프로젝트|일곱 살
20324373,,감독,마스코트
20125828,,배우,리얼|도리화가|건축학개론
20212660,,배우,나랏말싸미|지푸라기라도 잡고 싶은 짐승들|마약왕|변산|허스토리|군함도|박열|마중: 커피숍 난동 수다 사건|공조|내비게이션|현도가|고치|BiFan2015 판타스틱 단편 걸작선 6
10029093,,배우,엑시트|킹메이커 : 선거판의 여우|기묘한 가족|비밥바룰라|푸른노을|루시드 드림|수상한 그녀|홍길동의 후예|박쥐|행복|무도리|투 가이즈|마법의 성|울랄라씨스터즈|봄날은 간다|교도소 월드컵|하면 된다|간첩 리철진|산전수전|조용한 가족|투캅스 3|베이비 세일|돈을 갖고 튀어라|밀크초콜릿 1950-1990|영심이|나는 날마다 일어선다|삶의 향기
10001486,,배우,엑시트|채비|바라던 바다|그랑프리|굿모닝 프레지던트|가족의 탄생|엄마|도마 안중근|인어 공주|이혼하지 않은 여자|나의 아내를 슬프게 하는 것들|1990년 자유부인|푸른계절의 열기|질투|두 여인|깃발없는 기수|아침에 퇴근하는 여자|유혹
20215507,,배우,버닝|더 크리스마스|옥자|메이헴|프랑스 영화처럼
10009058,닐 조단,감독,마담 싸이코|온딘|브레이브 원|플루토에서 아침을|더블 다운|사랑의 슬픔 애수|인드림스|푸줏간 소년 |마이클 콜린스 |뱀파이어와의 인터뷰 |크라잉 게임|두번째 이별|모나리자
10091258,F. 게리 그레이,감독,맨 인 블랙: 인터내셔널|분노의 질주: 더 익스트림|스트레이트 아웃 오브 컴턴|모범시민|쿨|빈 디젤의 디아블로|이탈리안 잡|네고시에이터|셋잇오프 
10008737,라스 클리브버그,감독,사탄의 인형|폴라로이드
10034380,사이먼 킨버그,,엑스맨: 다크 피닉스|링컨: 뱀파이어 헌터
10027082,미미 레더,감독,세상을 바꾼 변호인|코드|사라 실종 사건|아름다운 세상을 위하여|딥 임팩트|피스메이커
10027387,미야자키 하야오,감독,바람이 분다|벼랑 위의 포뇨|하울의 움직이는 성|붉은 돼지|센과 치히로의 행방불명|모노노케 히메|마녀배달부 키키|이웃집 토토로|천공의 성 라퓨타|바람계곡의 나우시카|루팡 3세: 칼리오스트로의 성|팬더와 친구들의 모험
10009032,닐 버거,감독,업사이드|다이버전트|리미트리스|럭키 원스|일루셔니스트
10012399,덱스터 플레처,배우,로켓맨|잇 로컬|독수리 에디|선샤인 온 리스|와일드 빌|스탠더|록 스탁 앤 2 스모킹 배럴즈|죽어도 좋아
10043421,안소니 루소,감독,어벤져스: 엔드게임|어벤져스: 인피니티 워|캡틴 아메리카: 시빌 워|캡틴 아메리카: 윈터 솔져|허니문크래셔|웰컴 투 콜린우드
10065016, 조 루소,감독,어벤져스: 엔드게임|어벤져스: 인피니티 워|캡틴 아메리카: 시빌 워|캡틴 아메리카: 윈터 솔져|허니문크래셔|웰컴 투 콜린우드
20131414,이원태,감독,악인전|대장 김창수|조선마술사|가비|파파|오싹한 연애
20230410,이원태,기획,좋은사람있으면 소개시켜줘
20149274,이원태,음악진행,품행제로
10022882,마이클 도허티,감독,고질라: 킹 오브 몬스터|트릭 오어 트릿
10028891,신우,감독,트랩: 디렉터스 컷|백야행|미성년자 관람불가
20155685,신우,배우,원펀치|두 사람이다
20188501,신우,감독,버블 패밀리|다른 세상에서|블랙가스펠2: 소울을 찾는 여정가운데 만난 사람들|블랙 가스펠|대구에서|과대망상자들|고란살|제16회 대구단편영화제 경쟁5|AISFF2015 국내경쟁 2|서울독립영화제2015 새로운선택 1|로컬시네마 WITH JIFF : 제16회 전주국제영화제 한국단편경쟁부분 수상작
20158872,신우,배우,딥|게스트하우스|다섯은 너무 많아|금붕어
20217870,신우,의상팀,귀신과 함께 춤을|터치 바이 터치
20200706,신우,지미집,협상|인랑|물괴|지금 만나러 갑니다|흥부: 글로 세상을 바꾼 자|조작된 도시|아수라|밀정|두근두근 내 인생|사냥
20239986,신우,미술/프로덕션 디자인,레슬러|메리 크리스마스 미스터 모|굿바이 싱글|블랙스톤|미스터 쿠퍼
20161294,신우,VFX 아티스트,"신과함께-인과 연|신과함께-죄와 벌|대립군|리얼|고산자, 대동여지도|퀵|헤드|써니|여의도|초능력자|북극의 눈물"
20052854,신우,투자,레슬러|지금 만나러 갑니다|1987|브이아이피|군함도|1급기밀|인형사|쇼쇼쇼(Show Show Show)|베사메무쵸
20307519,신우,감독,어항 밖 물고기
10053709,유선동,감독,0.0MHz|내 심장을 쏴라|고死 두 번째 이야기: 교생실습|미스터 주부퀴즈왕|아라한 장풍대작전|샌드위치
20221765,유선동,시나리오(각본),무수단|내 심장을 쏴라
20151055,유선동,메이킹필름,질투는 나의 힘
20151053,유선동,촬영장비,뽀삐
20326692,정다원,배우,발광하는 현대사
20296614,정다원,라인프로듀서,실종2
20186696,정다원,감독,걸캅스|목숨 건 연애|장기왕 : 가락시장 레볼루션|자유의 언덕|우리 선희|누구의 딸도 아닌 해원
20120953,정다원,배우,퍼니게임
10060063,장규성,감독,어린 의뢰인|바람 바람 바람|나는 왕이로소이다|이장과 군수|여선생 VS 여제자|선생 김봉두|재밌는 영화
20160218,장규성,배우,상사부일체
20322109,이호경,감독,교회오빠
20151953,이호경,스크립터,"그녀들의 방|어떤 개인 날|지금, 이대로가 좋아요"
20158352,이호경,배우,내 여자의 남자친구
20158349,이호경,배우,내 여자친구를 소개합니다
20158346,이호경,배우,썸머 타임
20151955,이호경,제작팀,나를 닮은 얼굴
10058202,이호경,감독,민요 삼총사
10043278,데이빗 야로베스키,감독,더 보이|더 하이브
20314390,홍승완,감독,배심원들
10089638,홍승완,촬영,구세주: 리턴즈|가문의 영광5 - 가문의 귀환|캠퍼스 S 커플|내 남자의 순이|홍길동의 후예|구세주 2|원스어폰어타임|마을금고 연쇄습격사건|만남의 광장|구세주|카리스마 탈출기|가문의 위기(가문의 영광2)|공공의 적 2|신석기 블루스|령|실미도|불어라 봄바람|청풍명월(淸風明月)|폰|울랄라씨스터즈|공공의 적|선물|평양냉면
20131563,홍승완,로케이션매니저,사랑과 전쟁:열두 번째 남자
20131559,홍승완,의상,하류인생
20112612,홍승완,각색,슈퍼맨이었던 사나이|가족나들이
20113278,홍승완,배우,오늘도 순이는 열심히!|하우즈
10018169,롭 레터맨,감독,명탐정 피카츄|구스범스|걸리버 여행기|몬스터 vs 에이리언|샤크
10054185,육상효,감독,"나의 특별한 형제|화장|강철대오:구국의 철가방|방가? 방가!|여자, 정혜|달마야, 서울 가자|아이언 팜|축제|장미빛 인생"
20132877,김현호,제작팀,스윙키즈|협상|상류사회|신과함께-인과 연|신과함께-죄와 벌|나를 잊지 말아요|나의 독재자|좋지 아니한가|엄마|챔피언
20181997,김현호,지미집,"휴게소|딜쿠샤|의궤, 8일간의 축제 3D|577 프로젝트"
20320517,김현호,촬영,숲속의 부부
20167741,김현호,감독,뽀로로 극장판 보물섬 대모험|뽀로로 극장판 공룡섬 대모험|뽀로로 극장판 컴퓨터 왕국 대모험|뽀로로 극장판 슈퍼썰매 대모험|뽀로로의 대모험|뽀로로 극장판 눈요정 마을 대모험
20296190,김현호,애니메이션팀,극장판 또봇: 로봇군단의 습격
20284670,김현호,소품팀,루시드 드림|대역전
20132888,김현호,배우,방황하는 칼날|미스터좀비
20113256,김현호,감독,봄|그녀를 사랑해줘요
20171663,김현호,감독,부탁
20132887,김현호,제작관리,아프리카의 눈물
20296063, 윤창섭,애니메이션팀,뽀로로 극장판 공룡섬 대모험
20186450, 윤창섭,조감독,뽀로로 극장판 보물섬 대모험|뽀로로 극장판 컴퓨터 왕국 대모험|뽀로로 극장판 슈퍼썰매 대모험
20312876,앤소니 마라스,감독,호텔 뭄바이
10018860,루카 구아다니노,감독,서스페리아|콜 미 바이 유어 네임|비거 스플래쉬|베르톨루치가 말하는 베르톨루치 |아이 엠 러브|멜리사 P.
10076064,캘리 애스버리,감독,어글리 돌|스머프: 비밀의 숲|노미오와 줄리엣|슈렉2|스피릿
20243469,미즈노 시게노리,감독,안도 타다오
20159971,이종언,감독,생일|시|여행자|밀양|봄|처녀네 식당
20310318,이종언,프로듀서,대관람차
20165418,이종언,배우,부산
10057389,이종언,음악,서울야누스
10042886,애너 보든,감독,캡틴 마블|이츠 카인드 오브 어 퍼니 스토리|슈거
10014063, 라이언 플렉,감독,캡틴 마블|이츠 카인드 오브 어 퍼니 스토리|슈거|하프넬슨
10003461,길예르모 델 토로,감독,퍼시픽 림: 업라이징|셰이프 오브 워터: 사랑의 모양|크림슨 피크|퍼시픽 림|마마|헬보이 2 : 골든 아미|판의 미로 - 오필리아와 세 개의 열쇠|헬보이|블레이드 2|악마의 등뼈|미믹 |크로노스
10013576,크리스찬 하스,감독,프렌즈: 둥지탈출
10059976, 안드레아 블록,감독,프렌즈: 둥지탈출
10073007,마이클 차베즈,감독,요로나의 저주
10005276,김윤석,배우,"미성년|암수살인|1987|남한산성|당신, 거기 있어줄래요|검은 사제들|극비수사|쎄시봉|타짜-신의 손|해무(海霧)|화이: 괴물을 삼킨 아이|남쪽으로 튀어|도둑들|도둑들 영화를 만들다|완득이|황해|전우치|거북이 달린다|추격자|즐거운 인생|타짜|천하장사 마돈나|야수|파랑주의보|내 생애 가장 아름다운 일주일|시실리 2km|범죄의 재구성|울랄라씨스터즈|베사메무쵸|어린 연인"
20320046,김윤석,조명팀,죄 많은 소녀
20140460,김윤석,미술팀,엄마친구의맛|자매의은밀한스와핑|동갑내기 엄마|옆집소녀2|착한여선생|착한 여동생|동생의착한아내|과외의 추억|내아들의여자들|후배부부와 교환섹스|옆집누나들|가슴큰누나들|장모학개론|이모의 유혹|젊은 장모|두처제2|엄마의 맛|이채담의 지스팟|정사-두자매|라스트 갓파더
10005277,김윤석,소품,"안시성|1987|불한당: 나쁜 놈들의 세상|조작된 도시|판도라|해어화|좋아해줘|더 폰|성난 변호사|협녀, 칼의 기억|사도|경성학교: 사라진 소녀들|강남 1970|워킹걸|더 테너 리리코 스핀토|신의 한 수|방황하는 칼날|관상|명왕성|내가 살인범이다|연가시|시체가 돌아왔다|댄싱퀸|Mr.아이돌|로맨틱 헤븐|혈투|돌이킬 수 없는|퀴즈왕|꿈은 이루어진다|부산|미인도|펀치레이디|뷰티풀 선데이|구미호 가족|홀리데이|바람의 파이터|실미도|선생 김봉두|남자 태어나다|YMCA야구단|시선 1318"
10005278,김윤석,프로듀서,아빠는 딸|박수건달|1번가의 기적|흡혈형사 나도열|간 큰 가족|낭만자객|색즉시공
20300050,김윤석,DI팀,재꽃
20264689,김윤석,조명팀,정사-두자매|3분 파트너|달콤한 섹스|처제의 유혹|사슬 - 두 여자의 유혹|옆집소녀|내 남편의 가정교사|처제의 꿈|두처제
10000873,강지은,감독,"크게 될 놈|고산자, 대동여지도|강철중: 공공의 적 1-1|도마뱀|실미도|공공의 적"
20194591,강지은,데이타매니저,옹녀뎐
20145263,강지은,배우,플라스틱 트리
10017730,로저 미첼,감독,위크엔드 인 파리|굿모닝 에브리원|사랑을 견뎌내기|마더|체인징 레인스|노팅 힐|설득
20151353,박누리,조감독,돈|남자가 사랑할 때|베를린|부당거래|서울이 보이냐|더 게임|김관장 대 김관장 대 김관장
20229817,박누리,제작팀,"날, 보러와요|내부자들|끝과 시작|무서운 이야기 2"
20151351,박누리,제작관리,집으로 가는 길|기담|복면달호|아치와 씨팍|마이 캡틴 김대출|첼로-홍미주 일가 살인사건|귀여워|가족|안녕! 유에프오|...ing|내츄럴시티|남남북녀|튜브|성냥팔이 소녀의 재림|집으로...|나쁜 남자
20200169,박누리,조명팀,돌연변이|악의 연대기|맨홀|인간중독
10041297,아담 맥케이,감독,바이스|빅쇼트|앵커맨: 더 레전드 컨티뉴|스탠바이 캅|스텝 브라더스|텔라데가 나이트 : 리키 바비의 발라드|앵커맨
10009025,닐 마샬,감독,헬보이|센츄리온|둠스데이:지구 최후의 날|디센트|독 솔져
10016534,닐 마샬,,
20302929,김성기,감독,왓칭
20318875,김성기,조명팀,변산
20203526,김성기,소품팀,국제시장
20151370,김성기,배우,사생결단
20151367,김성기,미술팀,모던보이|혈의 누
20151368,김성기,VFX 아티스트,파이스토리|낭만자객
10004566,김성기,소품,비개인 오후를 좋아하세요|껄덕쇠
10085431,피에르 모렐,감독,아이 엠 마더|더 건맨 : 테이큰 감독 뉴프로젝트|더 건맨|프롬 파리 위드 러브|테이큰|13구역|트랜스포터
20235586,데이비드 F. 샌드버그,감독,샤잠!|애나벨 : 인형의 주인|라이트 아웃
10086265,조던 필,감독,어스|겟 아웃
20189699,케빈 콜쉬,감독,공포의 묘지|오디션
10007633, 데니스 위드미어,감독,공포의 묘지|오디션
10060348,프랭키 첸,감독,장난스런 키스|나의 소녀시대
10061189,저스틴 밸도니,감독,파이브 피트
10081788,팀 버튼,감독,덤보|미스 페레그린과 이상한 아이들의 집|거울나라의 앨리스|빅 아이즈|링컨: 뱀파이어 헌터|다크 섀도우|프랑켄위니|이상한 나라의 앨리스|스위니 토드 : 어느 잔혹한 이발사 이야기|유령신부(애니)|찰리와 초콜릿 공장|빅 피쉬|혹성탈출|슬리피 할로우|팀버튼의 화성침공 |팀 버튼의 크리스마스 악몽|배트맨2|가위손|프랑켄위니|빈센트 
20316812,이창근,감독,로망
20322352,이창근,촬영팀,미투 숨겨진 진실
10057658,이창근,감독,투명인의 최후|인생 화보|북한의 실정|신라의 고적|돌아오는 영혼|도회의 비가|산괴령
20163465,이창근,연출팀,사랑을 놓치다
20163464,이창근,애니메이션팀,날으는 돼지 - 해적 마테오
20163463,이창근,배우,게임오버
10052420,워시 웨스트모어랜드,감독,콜레트|스틸 앨리스|달콤한 열여섯
20196167,이정범,동시녹음팀,미션스쿨|하이힐
10057273,이정범,감독,악질경찰|미씽: 사라진 여자|우는 남자|집으로 가는 길|아저씨|열혈남아|귀휴
20165152,이정범,배우,마린보이
20321940,이수진,시나리오(각본),번 더 스테이지: 더 무비
20321931,이수진,스튜디오,PMC: 더 벙커
20186214,이수진,VFX 아티스트,점박이 한반도의 공룡2 : 새로운 낙원|게이트|채비|인천상륙작전|희생부활자|친구 2|노브레싱|미스터 고
20321930,이수진,광고디자인,"해피 투게더|이,기적인 남자"
20321929,이수진,음악,다이빙벨 그후
20158453,이수진,애니메이션팀,미니특공대X|파워배틀 와치카: 와치가면의 역습|파워배틀 와치카 미니카 배틀리그: 불꽃의 질주|최강전사 미니특공대: 영웅의 탄생|최강전사 미니특공대 : 새로운 악당의 습격|뽀로로 극장판 슈퍼썰매 대모험|그리스 로마신화 - 올림포스 가디언 - 기간테스 대역습
20158440,이수진,의상,"해피 투게더|더 플랜|시간위의 집|괴물들|성실한 나라의 앨리스|화려한 외출|조난자들|공범|이웃사람|혜원아, 사랑해|고양이: 죽음을 보는 두 개의 눈|위험한 상견례|로맨틱 헤븐|살인의 강|파괴된 사나이|포화속으로|시|바람|비몽|시간|세상에 믿을 놈 없다"
20181202,이수진,데이타매니저,환절기|불한당: 나쁜 놈들의 세상|위대한 소원|기술자들|피크닉|은교
20321939,이수진,연출팀,동창회의 목적 3
10056161,이수진,감독,우상|한공주|적의 사과|아들의 것|아빠
20239886,김지혜,감독,썬키스 패밀리|생생활활
20320384,김지혜,배우,사돈처녀
20314932,김지혜,배우,스윙키즈|여곡성|미쓰백|공작
20163057,김지혜,제작팀,미쓰백|리얼|아수라|위대한 소원|22|나는 곤경에 처했다!|너와 나의 21세기
20065785,김지혜,프로듀서,홈|살아남은 아이|어른도감|용순|우리들|코리아|스카우트|아이스케키|광식이 동생 광태|사마리아|맛있는 섹스 그리고 사랑|일단뛰어
20163091,김지혜,광고디자인,"5.18 힌츠페터 스토리|사랑한다, 사랑하지 않는다"
20163043,김지혜,스크립터,아버지를 찾아서|그것만이 내 세상|성판17: 남자들의 17가지 성적 판타지|공조|히말라야|국제시장|바람과 함께 사라지다|로맨틱 헤븐|우리 이웃의 범죄|조선명탐정 : 각시투구꽃의 비밀|외톨이|전투의 매너|2월 29일 - 어느날 갑자기 첫번째 이야기|댄서의 순정
20184238,김지혜,애니메이션팀,미니특공대X|극장판 또봇: 로봇군단의 습격|최강전사 미니특공대: 영웅의 탄생|최강전사 미니특공대 : 새로운 악당의 습격|다이노 타임|뽀로로 극장판 슈퍼썰매 대모험
20163048,김지혜,액션/스턴트팀,"창궐|명당|조선명탐정: 흡혈괴마의 비밀|1987|강철비|악녀|협녀, 칼의 기억|간신|좋은 친구들|써니|요술|육혈포 강도단|백야행|불신지옥|거북이 달린다|김씨표류기"
20163071,김지혜,음악진행,협상|신과함께-인과 연|변산|지금 만나러 갑니다|신과함께-죄와 벌|대장 김창수|어느날|작은 연못|도마 안중근
20318581,신상민,감독,1919 유관순
20130940,신상민,데이타매니저,캠퍼스 S 커플|가문의 위기(가문의 영광2)
20130941,신상민,액션/스턴트팀,비상
20130938,신상민,조명팀,"가을로|청연|DMZ, 비무장지대|그녀를 믿지 마세요|써클|생활의 발견|잎새|묻지마 패밀리"
10040396,신상민,촬영팀,시|7급 공무원|아내가 결혼했다|그 남자의 책 198쪽|아들|마강호텔
10033522,애덤 로비텔,감독,이스케이프 룸|인시디어스4: 라스트 키|테이킹
10078519,클린트 이스트우드,감독,라스트 미션|설리: 허드슨강의 기적|아메리칸 스나이퍼|저지 보이즈|내 인생의 마지막 변화구 |J.에드가 - FBI의 시작|히어애프터|우리가 꿈꾸는 기적: 인빅터스|그랜 토리노|체인질링|아버지의 깃발|이오지마에서 온 편지|밀리언 달러 베이비|더 블루스: 피아노 블루스|미스틱 리버|블러드 워크|스페이스 카우보이|클린트 이스트우드: 아웃 오브 섀도우|트루 크라임|앱솔루트 파워 |매디슨 카운티의 다리|완전한 세상 |사선에서|용서받지 못한 자|후계자|더티해리 4-써든 임팩트/서든 임팩트|화이어폭스|더티 파이터 2|원 웨이 티켓|더티 해리3-집행자|아우트 로|아이거 빙벽|대도적|황야의 스트렌저|이것이 법이다|브리지|어둠속에 벨이 울릴 때|더티 해리|사기당한 사람들|켈리의 영웅들|집행자|황야의 무법자|더티 화이터
20284809,스도 토모노리,감독,페이트 스테이 나이트 헤븐즈필 제2장 로스트 버터플라이|페이트 스테이 나이트 헤븐즈필 제1장 프레시지 플라워
10084180,막심 파디브,감독,정글북: 마법 원정대
10086073,피터 패럴리,감독,"그린 북|덤 앤 더머 투|바보 삼총사|홀 패스|하트브레이크 키드|날 미치게하는 남자|붙어야 산다|내겐 너무 가벼운 그녀|미, 마이셀프 앤드 아이린|메리에겐 뭔가 특별한 것이 있다 |킹 핀 |덤 앤 더머 "
20325318,조민호,스토리보드,항거:유관순 이야기
10065839,조민호,감독,항거:유관순 이야기|10억|강적|이공|정글쥬스|굿바이 칠드런|우리시대의 남자 
10065840,조민호,동시녹음,마약왕|부라더|군함도|눈발|미씽: 사라진 여자|흔들리는 물결|비밀은 없다|기술자들|우는 남자|레드카펫|몬스터|살인자|전국노래자랑|남쪽으로 튀어|가문의 영광5 - 가문의 귀환|회사원|간첩|통통한 혁명|커플즈|의뢰인|수상한 이웃들|아이들...|심야의 F.M.|해결사|백야행|7급 공무원|쌍화점|걸스카우트|여기보다 어딘가에|다찌마와리|우리 생애 최고의 순간|용의주도 미스신|내 생애 최악의 남자|이브의 유혹 - 좋은아내|소년은 울지 않는다|우리에게 내일은 없다|구미호 가족|짝패|피터팬의 공식|나의 결혼원정기|광식이 동생 광태|외출|주먹이 운다(Crying Fist)|역도산|바람의 파이터|효자동 이발사|아라한 장풍대작전|오구|화성으로 간 사나이|질투는 나의 힘|YMCA야구단|예스터데이|와이키키 브라더스|고양이를 부탁해|봄날은 간다|클럽 버터플라이|하면 된다|오! 수정|섬|주노명 베이커리|대륙횡단|쓰리 몬스터
20317342,조민호,촬영팀,챔피언
20292776,조민호,제작팀,녹화중이야
20278029,조민호,배우,우리들의 일기
20219410,조민호,조명팀,코인라커
20112996,조민호,배우,야간 비행
20130790,조민호,배우,아버지와 마리와 나
20130791,조민호,배우,고지전
20125862,이병헌,감독,"극한직업|레슬러|바람 바람 바람|스물|오늘의 연애|타짜-신의 손|힘내세요, 병헌씨|네버엔딩 스토리|써니|과속스캔들|냄새는 난다"
10055626,이병헌,배우,"남산의 부장들|백두산|그것만이 내 세상|남한산성|싱글라이더|마스터|매그니피센트 7|미스컨덕트|내부자들: 디 오리지널|내부자들|협녀, 칼의 기억|터미네이터 제니시스|레드: 더 레전드|지.아이.조 2|광해, 왕이 된 남자|인플루언스|악마를 보았다|아이리스 더 무비|악마를 보았다 감독판|지.아이.조 : 전쟁의 서막|나는 비와 함께 간다|좋은 놈, 나쁜 놈, 이상한 놈 |좋은 놈, 나쁜 놈, 이상한 놈(칸버전)|그해 여름|달콤한 인생|누구나 비밀은 있다|쓰리, 몬스터 '컷'|중독|마리이야기|번지점프를 하다|공동경비구역 JSA|내 마음의 풍금|지상만가|그들만의 세상|아마게돈|런어웨이|누가 나를 미치게 하는가|쉐어 더 비전|쓰리 몬스터"
20215488,이병헌,배우,절벽 위의 트럼펫
20189392,이병헌,연출팀,변호인
20327892,이한,감독,인터뷰
20325897,이한,연출팀,워킹 온 에어
20288290,이한,감독,악질
20217887,이한,VFX 아티스트,PMC: 더 벙커|신과함께-인과 연|1987|신과함께-죄와 벌|7호실|리얼|파파좀비|그랜드파더|두 번째 스물|우리 연애의 이력|타투|고양이 장례식
20322407,이한,각색,해피 투게더
20322406,이한,제작팀,봄이가도
20322405,이한,배우,"1991, 봄"
20322404,이한,특수소품,마약왕
20322403,이한,홍보/마케팅 진행,집의 시간들
20314761,이한,작사/작곡/편곡,돌아와요 부산항애(愛)|휴게소|괴물들
10060462,장재현,감독,"사바하|시간위의 집|검은 사제들|광해, 왕이 된 남자|특수본|바다|12번째 보조사제|버스|인도에서 온 말리|오오단편극장 - 이학주 배우전|어둑시니: 두려움을 먹는 자|제14회 미쟝센 단편영화제 전년도 수상작1|1월 단편 상상극장-해피 뉴 스타|제13회 미쟝센 단편영화제 심야의 절대구타 360|제13회 미쟝센 단편영화제 절대악몽1"
20317199,아르나드 부롱,감독,숲속왕국의 꿀벌 여왕
10081857, 안톤 크링스,감독,숲속왕국의 꿀벌 여왕
10065698,요르고스 란티모스,감독,더 페이버릿: 여왕의 여자|킬링 디어|더 랍스터|송곳니|송곳니 감독판|내 가장 친한 친구
10051453,라파엘 리바스,감독,리노
20201768,김유성,편집,헤픈젤: 비밀의 몸캠|꿈꾸는 나비|맛있는 정사: 오피스 와이프|없던 일|비밀: 아내의 남자|위험한 유혹 - 추억이 떠나면 외로움만 남는다
20284111,김유성,조명,이발
10005243,김유성,감독,자전차왕 엄복동|쓰리 썸머 나잇|누가 그녀와 잤을까?|내츄럴시티|몽정기
20203574,김유성,애니메이션팀,스퀴시랜드
20189605,김유성,감독,사랑의 대화|판타스틱 단편 걸작선 4
20186763,김유성,DI팀,댄서김의 은밀한 교수법
20132917,김유성,제작관리,은교|퍼펙트 게임
20132919,김유성,배우,히어로
20132916,김유성,광고디자인,작은 연못|마더|마린보이|미안하다 독도야|미쓰 홍당무|소년은 울지 않는다
10020816,린 사우더랜드,감독,신데렐라:마법 반지의 비밀|뮬란 2
20158665,박수진,VFX 아티스트,"런닝맨 : 풀룰루의 역습|슈퍼레이서 엔지|봄, 눈|메이크 유어 무브 |댄싱퀸|원더풀 라디오|투혼|카운트다운|도가니|가문의 영광4 - 가문의 수난|블라인드|위험한 상견례|로맨틱 헤븐|나는 아빠다|그대를 사랑합니다|헬로우 고스트|황해|소와 함께 여행하는 법|심야의 F.M.|그랑프리|된장"
20313092,박수진,감독,"어쩌다, 결혼"
20304449,박수진,배우,허스토리|시계|고열
20064313,박수진,스크립터,7년의 밤|이웃집 스타|시간이탈자|앨리스: 원더랜드에서 온 소년|빅매치|늑대소년|모비딕|혈투|시간의 춤
20308891,박수진,감독,G
20273410,박수진,스크립터,장산범|허삼관|숨바꼭질|강철대오:구국의 철가방|세상에서 가장 아름다운 이별|김종욱 찾기|인플루언스|죽이고 싶은|이장과 군수|여선생 VS 여제자|선생 김봉두|나쁜 남자|무서운 이야기 '해와 달'
20110821,박수진,시나리오(각본),공조|히말라야|쓰리 썸머 나잇|국제시장|스파이|댄싱퀸|퀵|뚝방전설|양아치어조|어떤 여행의 기록
20158663,박수진,조감독,고양이 소녀|네번째 층 - 어느날 갑자기 두번째 이야기
20231390,박수진,배우,세컨어카운트
20208964,박수진,감독,부베이 부|인디애니페스트2015-파노라마2-집으로
10029553, 박호찬,조감독,"어쩌다, 결혼|허삼관|롤러코스터|퍼펙트 게임|베스트셀러|애자|아버지와 마리와 나|개인용 지옥"
10013583,딘 데블로이스,감독,드래곤 길들이기 3|드래곤 길들이기 2|드래곤 길들이기|헤이마|릴로와 스티치
10016605,로버트 로드리게즈,감독,알리타: 배틀 엔젤|씬 시티: 다크히어로의 부활|마세티 킬즈|스파이키드4 : 올더타임인더월드|마셰티|쇼츠|플래닛 테러|그라인드 하우스|샤크보이와 라바걸의 모험 : 3-D|스파이 키드 3D|원스 어폰 어 타임 인 멕시코 |스파이 키드 2|스파이 키드|패컬티|황혼에서 새벽까지|포 룸 |엘 마리아치
10077478,크리스토퍼 랜던,감독,해피 데스데이 2 유|해피 데스데이|파라노말 액티비티 : 더 마크드 원스
10077207,크리스 콜럼버스,감독,"픽셀|퍼시 잭슨과 번개 도둑|아이 러브 유, 베스 쿠퍼|렌트|해리포터와 비밀의 방|해리포터와 마법사의 돌|바이센테니얼 맨|스텝맘|나인 먼쓰 |미세스 다웃파이어 |나 홀로 집에 2|나홀로 집에|피라미드의 공포|구니스 |그렘린 "
10087600,한스 페터 몰란트,감독,콜드 체이싱|미결처리반 Q: 믿음의 음모|사라짐의 순서|거품이 사라지면 |페더젠 동지|아름다운 나라
10018173,롭 마샬,감독,메리 포핀스 리턴즈|숲속으로|캐리비안의 해적: 낯선 조류|나인|게이샤의 추억|시카고
20321852,이민재,배우,살아남은 아이
20195500,이민재,특수촬영,"PMC: 더 벙커|성난황소|창궐|협상|상류사회|탐정: 리턴즈|레슬러|7년의 밤|마약왕|물괴|신과함께-인과 연|변산|지금 만나러 갑니다|골든슬럼버|염력|신과함께-죄와 벌|꾼|부라더|침묵|남한산성|브이아이피|택시운전사|대립군|불한당: 나쁜 놈들의 세상|보안관|임금님의 사건수첩|그래, 가족|당신, 거기 있어줄래요|목숨 건 연애|가려진 시간|아수라|덕혜옹주|부산행|대역전|희생부활자|널 기다리며|검사외전|조선마술사|슬로우 비디오|하이힐"
20111087,이민재,편집,"기묘한 가족|파괴된 사나이|기다리다 미쳐|내 생애 최악의 남자|바람피기 좋은 날|도마뱀|거칠마루|제니, 주노|어린 신부|별"
20195498,이민재,라인프로듀서,내 아내의 초대남들:네토라레|수상한 종업원|엄마의 직업|들개
20148753,이민재,VFX 슈퍼바이저,가려진 시간|설지|퇴마: 무녀굴|연평해전|조류인간|거인|맨홀|두근두근 내 인생|해무(海霧)|우는 남자|일대일|우아한 거짓말|관능의 법칙|피끓는 청춘|응징자|톱스타|깡철이|뫼비우스|미스체인지|뜨거운 안녕|파파로티|다이노 타임|신의 선물|더 웹툰: 예고살인|미나문방구|전설의 주먹|사이코메트리|반창꼬|공모자들|오싹한 연애|티끌모아 로맨스|커플즈|완득이|퀵|고지전|마마|폐가|10억|국가대표|마린보이|쌍화점|고고 70|신기전|아버지와 마리와 나|다찌마와리|헨젤과 그레텔|죽어도 해피엔딩|해부학 교실|못말리는 결혼|그놈 목소리|언니가 간다|미녀는 괴로워|싸이보그지만 괜찮아|사랑 따윈 필요 없어|다세포소녀|괴물
20148762,이민재,연출팀,춘몽|타워|하모니|블루|클라이막스
20230427,이민재,특수효과팀,히말라야
20223127,이민재,음악,반짝이는 박수 소리
20148757,이민재,온라인마케팅,러브픽션|커플즈|고양이: 죽음을 보는 두 개의 눈|풍산개|세상에서 가장 아름다운 이별|청춘그루브|황해
20148770,이민재,배우,나는 아빠다
20183664,한준희,감독,뺑반|차이나타운|사이코메트리|시나리오 가이드
20298483,한준희,애니메이션팀,뽀로로 극장판 공룡섬 대모험
20145172,한준희,VFX 아티스트,탐정 홍길동: 사라진 마을|이태원 살인사건
20255659,한준희,스토리,봉이 김선달
20187102,한준희,제작팀,화이: 괴물을 삼킨 아이
20183665,한준희,기타,콩가네
20180784,한준희,동시녹음팀,뒷담화: 감독이 미쳤어요|은교
20145170,한준희,연출팀,바보|그해 여름
20115431,야마모토 야스이치로,감독,명탐정 코난: 에피소드 원-작아진 명탐정|명탐정 코난 : 코난 실종사건 - 사상 최악의 이틀|명탐정 코난: 11번째 스트라이커|명탐정 코난: 천공의 난파선|명탐정 코난:전율의 악보|명탐정 코난:감벽의 관|명탐정 코난 : 탐정들의 진혼가 |명탐정 코난 : 수평선상의 음모|명탐정 코난:은빛 날개의 마술사
20306433,김진철,작화감독,극장판 헬로카봇 : 달나라를 구해줘!|극장판 헬로카봇: 옴파로스 섬의 비밀|극장판 헬로카봇 : 백악기 시대|헬로 카봇
10005948,김진철,미술/프로덕션 디자인,"그날, 바다|오장군의 발톱|처음엔 다 그래|아빠는 딸|그래, 가족|나홀로 휴가|연애의 맛|정사: 위험한 성적 유희 무삭제판|정사: 위험한 성적유희|가비|심장이 뛴다|4교시 추리영역|흑심모녀|황진이|6월의 일기|썸|스캔들-조선남녀상열지사|쓰리|고양이를 부탁해|정사"
20295835,김진철,촬영팀,노래방 : 화끈한 여자들|유부녀들의 맛|밀애 : 친구의 아내|개인교수 : 성적 올리기|여친 언니|젊은 엄마 친구|착한 이모의 은밀한 아르바이트|성인용품 사용설명서|젊은엄마네하숙집|내 학생의 엄마 3|맛있는 스와핑|엄마의 유혹|금지된 섹스|인공지능 섹스돌|스와핑 : 친구의 아내 2|신혼부부의 성생활|연애 : 엄마친구|친구엄마들|하숙집 여자들|아내의 애인 2|정사 : 아내의 친구|새오빠2|룸싸롱 여대생들|착한 엄마 2|바람난 여자들2|사촌 누나|불륜 동창회|비뇨기과 여의사들|미용실 : 특별한 서비스 2|외출 2|내 학생의 엄마 2|착한 형수 2|여자 보험왕 : 그녀의 영업비밀|착한 엄마 친구|불륜가족
20315019,김진철,배우,레슬러
20315053,김진철,배우,B급 며느리
20227419,김진철,VFX 아티스트,완벽한 타인|7년의 밤|강철비|브이아이피|장산범|불한당: 나쁜 놈들의 세상|보안관|더 킹|아수라|덕혜옹주|아가씨|럭키|검사외전|대호|암살
20161743,김진철,배우,갈갈이 패밀리와 드라큐라
20161742,김진철,메이킹필름,마마 앤드 파파
10005947,김진철,촬영,너에게 나를 보낸다 2|부킹쏘나타|너에게 받은 흔적|짧은 시간 긴 시간|내가 성에 관해 알고 있는 몇가지 이야기들
20306533, 최신규,감독,극장판 헬로카봇 : 달나라를 구해줘!|극장판 헬로카봇: 옴파로스 섬의 비밀|극장판 공룡메카드: 타이니소어의 섬|극장판 헬로카봇 : 백악기 시대|헬로 카봇
10072439, 최신규,제작,최강전사 미니특공대 : 새로운 악당의 습격|오세암|고인돌|탑블레이드Vol.1|탑블레이드Vol.2|탑블레이드Vol.3
10022687,마이크 미첼,감독,레고 무비2|트롤|앨빈과 슈퍼밴드3|슈렉 포에버|스카이 하이|서바이빙 크리스마스|듀스 비갈로
20187477,엄유나,시나리오(각본),말모이|택시운전사|번개와 춤을
10047338,엄유나,연출팀,쌍화점|추격자
20160795,엄유나,조감독,국경의 남쪽
20328592,,감독,이사도라의 아이들
20326192,,감독,윤회
20328572,,배우,"연애의 발동 : 상해 여자, 부산 남자|라스트 갓파더"
10004401,,감독,물아기|갯벌아! 갯벌아!|달빛 프로젝트|일곱 살
20324373,,감독,마스코트
20125828,,배우,리얼|도리화가|건축학개론
20212660,,배우,나랏말싸미|지푸라기라도 잡고 싶은 짐승들|마약왕|변산|허스토리|군함도|박열|마중: 커피숍 난동 수다 사건|공조|내비게이션|현도가|고치|BiFan2015 판타스틱 단편 걸작선 6
10029093,,배우,엑시트|킹메이커 : 선거판의 여우|기묘한 가족|비밥바룰라|푸른노을|루시드 드림|수상한 그녀|홍길동의 후예|박쥐|행복|무도리|투 가이즈|마법의 성|울랄라씨스터즈|봄날은 간다|교도소 월드컵|하면 된다|간첩 리철진|산전수전|조용한 가족|투캅스 3|베이비 세일|돈을 갖고 튀어라|밀크초콜릿 1950-1990|영심이|나는 날마다 일어선다|삶의 향기
10001486,,배우,엑시트|채비|바라던 바다|그랑프리|굿모닝 프레지던트|가족의 탄생|엄마|도마 안중근|인어 공주|이혼하지 않은 여자|나의 아내를 슬프게 하는 것들|1990년 자유부인|푸른계절의 열기|질투|두 여인|깃발없는 기수|아침에 퇴근하는 여자|유혹
20215507,,배우,버닝|더 크리스마스|옥자|메이헴|프랑스 영화처럼
10006823,나딘 라바키,감독,"가버나움|사랑해, 리우|카라멜"
10000970,강효진,감독,내안의 그놈|양아치 느와르|폭력의 법칙: 나쁜 피 두 번째 이야기|미쓰 와이프|나쁜 피|육혈포 강도단|펀치레이디|맨손으로 죽여라?|조폭마누라
20179400,강효진,VFX 아티스트,파파로티|미나문방구|전설의 주먹|사이코메트리|반창꼬|공모자들
20121802,리치 무어,감독,주먹왕 랄프 2: 인터넷 속으로|주토피아|주먹왕 랄프|심슨 가족|퓨쳐라마
10091491,M. 나이트 샤말란,감독,글래스|23 아이덴티티|더 비지트|애프터 어스|라스트 에어벤더|해프닝|레이디 인 더 워터|빌리지|싸인|언브레이커블|식스 센스|와이드 어웨이크
10057737,이춘백,작화감독,언더독|26년|마당을 나온 암탉|고인돌|누들누드 2|사람이되어라
20112890, 오성윤,감독,언더독|26년|마당을 나온 암탉|사람이되어라|별별 이야기 2-여섯 빛깔 무지개|별별 이야기
10050418, 오성윤,VFX 아티스트,나두야 간다
10031865,브라이언 싱어,감독,보헤미안 랩소디|엑스맨: 아포칼립스|엑스맨: 데이즈 오브 퓨처 패스트|잭 더 자이언트 킬러|작전명 발키리|수퍼맨 리턴즈|엑스맨 2|엑스맨|죽음보다 무서운 비밀|유주얼 서스펙트
10043130,안드레스 코투리어,감독,몬스터 파크
10064265,제임스 완,감독,아쿠아맨|애나벨 : 인형의 주인|컨저링 2|분노의 질주: 더 세븐|인시디어스: 두번째 집|컨저링|인시디어스|데드 사일런스|쏘우
20306533,최신규,감독,극장판 헬로카봇 : 달나라를 구해줘!|극장판 헬로카봇: 옴파로스 섬의 비밀|극장판 공룡메카드: 타이니소어의 섬|극장판 헬로카봇 : 백악기 시대|헬로 카봇
10072439,최신규,제작,최강전사 미니특공대 : 새로운 악당의 습격|오세암|고인돌|탑블레이드Vol.1|탑블레이드Vol.2|탑블레이드Vol.3
20152146, 유재운,애니메이션팀,극장판 공룡메카드: 타이니소어의 섬|부릉! 부릉! 브루미즈: 스피더의 모험 일기|뽀로로 극장판 컴퓨터 왕국 대모험|최강전사 미니특공대 : 새로운 악당의 습격|마법천자문: 대마왕의 부활을 막아라
10089218,호소다 마모루,감독,미래의 미라이|괴물의 아이|늑대아이|썸머 워즈|시간을 달리는 소녀|원피스 6기 극장판 : 오마츠리 남작과 비밀의 섬|게게게 키타로: 키타로의 유령전철
20245489,트래비스 나이트,감독,범블비|쿠보와 전설의 악기
10004291,김병우,감독,PMC: 더 벙커|더 테러 라이브|리튼|아나모픽
20293333,김병우,제작,미니특공대X|파워배틀 와치카: 와치가면의 역습|레이디버그
20143823,김병우,미술팀,버닝|원더풀 데이즈|2009로스트메모리즈
20229627,김병우,프로듀서,미니특공대X|부릉! 부릉! 브루미즈: 스피더의 모험 일기|파워배틀 와치카 미니카 배틀리그: 불꽃의 질주|최강전사 미니특공대 : 새로운 악당의 습격
20143824,김병우,조명팀,부부의 스폰서|와이키키 브라더스
20258170,김병우,VFX 아티스트,최강전사 미니특공대: 영웅의 탄생
20143826,김병우,조감독,연평해전|들개들|아티스트 봉만대|꼭두각시|서울
20143827,김병우,배우,그녀에게 잠들다
20143825,김병우,사운드팀,하늘정원
10000946,강형철,감독,스윙키즈|타짜-신의 손|써니 감독판|써니|과속스캔들
20138860,강형철,제작팀,내 생애 최악의 남자|우렁각시
20255533,한상호,배우,동창회의 목적 3|바람난 여자들
20312035,한상호,감독,점박이 한반도의 공룡2 : 새로운 낙원|점박이:한반도의 공룡3D
20312036,한상호,기획,폭풍정사
10087513,한상호,투자,너는 나의 황홀한 지옥|화춘|춘희|아벤고 공수군단|복수는 내게 맡겨라|여자는 괴로워|앵무새 몸으로 울었다|뻐꾸기도 밤에 우는가|조용히 살고 싶다|바다로 간 목마|무림 5걸|심봤다|가시를 삼킨 장미|날으는 일지매
20224990,한상호,로케이션매니저,환타스틱 러브짐: 전쟁 같은 사랑
20224989,한상호,연출팀,춘희막이
20142007,한상호,VFX 아티스트,퍼펙트 게임
10058467,임경택,제작,언니|히어로|더 웹툰: 예고살인|고래를 찾는 자전거|김복남 살인사건의 전말|이브의 유혹 - 엔젤|잠복근무|인형사|잠잔 날
10038254,스콧 모시어,,"그린치|잭 앤 미리, 포르노 만들기"
20111283,우민호,감독,남산의 부장들|마약왕|내부자들: 디 오리지널|내부자들|간첩|파괴된 사나이|누가 예수를 죽였는가?
20111311,우민호,운송,"해피 투게더|협상|머니백|고산자, 대동여지도|치외법권|사도|베테랑|쓰리 썸머 나잇|덕수리 5형제|타짜-신의 손|아빠를 빌려드립니다|소원|깡철이|런닝맨|늑대소년|공모자들|도둑들|카운트다운|기생령|써니|대한민국 1%|주유소 습격사건 2|애자|로맨틱 아일랜드|과속스캔들|그 남자의 책 198쪽|아내가 결혼했다|모던보이|허밍|헨젤과 그레텔|가면|두 사람이다|최강로맨스|죽음의 숲-어느날 갑자기 네번째 이야기|D-day-어느날 갑자기 세번째 이야기|네번째 층 - 어느날 갑자기 두번째 이야기|2월 29일 - 어느날 갑자기 첫번째 이야기|아파트|아랑|사랑을 놓치다|미스터 주부퀴즈왕|사랑니|외출|이대로, 죽을 순 없다(Short Time)|가발|신석기 블루스|귀여워|내 머리 속의 지우개|썸|거미숲|신부수업|투 가이즈|라이어|바람의 전설|마지막 늑대|그녀를 믿지 마세요|돈 텔 파파|실미도|비디오를 보는 남자|올드보이|4인용 식탁|맛있는 섹스 그리고 사랑|역전에 산다|하늘정원|질투는 나의 힘|마들렌|중독|폰|서프라이즈|오버 더 레인보우|울랄라씨스터즈|정글쥬스|공공의 적|봄날은 간다|소름|인류 멸망 보고서 '천상의 피조물' "
20114371,타카하시 와타루,감독,극장판 짱구는 못말려: 아뵤! 쿵후 보이즈 ~라면 대란~|짱구는 못말려 극장판: 폭풍수면! 꿈꾸는 세계 대돌격|짱구는 못말려 극장판 : 정면승부! 로봇아빠의 역습|극장판 아따맘마3D : 엄마는 초능력자
10062679,밥 퍼시케티,감독,스파이더맨: 뉴 유니버스
20125575, 피터 램지,감독,스파이더맨: 뉴 유니버스|가디언즈
10071263, 로드니 로스맨,감독,스파이더맨: 뉴 유니버스
10072117,최국희,감독,"국가부도의 날|스플릿|8월의 일요일들|극장전|그날 밤의 축제|삶은 전진하고|청춘, 외대앞|블루 디코딩"
20324439,이권,배우,쎈놈
20324117,이권,프로듀서,살판
10054870,이권,감독,도어락|타이밍|내 연애의 기억|어깨 너머의 연인|꽃미남 연쇄 테러 사건|서프라이즈|고양이를 부탁해|겁쟁이들이 더 흉폭하다
20139400,이권,현장편집,파파좀비|죽여주는 여자|고양이 장례식|봄|캐치미|철가방 우수氏|도가니
20267741,이권,음악,순종
20260475,이권,촬영팀,이파니의 시크릿 관음클럽
20195054,이권,특수효과,"의궤, 8일간의 축제 3D"
20186599,이권,VFX 아티스트,터널 3D|미스터 고
10054872,이권,제작팀,비밀애|6년째 연애중|죽음의 숲-어느날 갑자기 네번째 이야기|D-day-어느날 갑자기 세번째 이야기|네번째 층 - 어느날 갑자기 두번째 이야기|첫사랑 사수 궐기 대회|폰
10054871,이권,기획,장미의 나날|여자의 일생|소녀경|천국의 계단|그들도 우리처럼|상처|칠수와 만수|안녕하세요 하나님|황진이|겨울나그네|오늘만은 참으세요|화녀촌|장사의 꿈|이방인|추억의 빛|추적|얼굴이 아니고 마음입니다|풀잎처럼 눕다|금지된 사랑|애인|만추|세번은 짧게 세번은 길게|아가씨 참으세요|매일 죽는 남자|바람불어 좋은 날|아낌없이 바쳤는데|그여자 사람잡네|죽음보다 깊은 잠|가을비 우산속에
10050389,야지마 테츠오,감독,극장판 포켓몬스터 모두의 이야기
10013865,라세 할스트롬,감독,호두까기 인형과 4개의 왕국|베일리 어게인|로맨틱 레시피|세이프 헤이븐|최면 전문의|사막에서 연어낚시|디어 존|하치 이야기|혹스: 욕망의 법칙|카사노바|언피니쉬드 라이프|쉬핑 뉴스|초콜릿|사이더 하우스|줄리아 로버츠의 사랑게임|길버트 그레이프|아바
10065132, 조 존스톤,감독,호두까기 인형과 4개의 왕국|퍼스트 어벤져|울프맨|히달고|쥬라기 공원 3|옥토버 스카이|쥬만지 |페이지 마스터 |인간 로켓티어|애들이 줄었어요
10083870,폴 페이그,감독,부탁 하나만 들어줘|고스트버스터즈|스파이|더 히트|내 여자친구의 결혼식|성탄절 전야의 공항 대소동|아이 엠 데이빗
10051181,크리스찬 리버스,감독,모털 엔진
10054516,윤준상,감독,런닝맨 : 풀룰루의 역습|초혼
20267770,윤준상,그립,꾼|택시운전사|임금님의 사건수첩|가려진 시간|여교사
20111735,이재규,감독,완벽한 타인|역린|인플루언스
20165017,이재규,배우,녹색의자
20165016,이재규,배우,최후의 만찬
10057190,이재규,제작,구원의 애정
20031895,이재규,조연출,
20318000,김민호,세트팀,인랑
20180375,김민호,미술팀,창궐|남한산성|보통사람|혼숨|걷기왕|공모자들
20304809,김민호,감독,성난황소
20080105,김민호,VFX 아티스트,뷰티풀 투모로우|탐정 홍길동: 사라진 마을|타이밍|로사 |여고괴담 5|신기전|천년여우 여우비|마리이야기|자전거여행
10004230,김민호,액션/스턴트팀,리얼|대결|봉이 김선달|다른 길이 있다|서부전선|살인의뢰|강남 1970|역린|친구 2|관상|런닝맨|가비|범죄와의 전쟁: 나쁜놈들 전성시대|블라인드|무산일기|황해|초능력자|해결사|전우치|집행자|뚝방전설|한반도|짝패
20180376,김민호,제작팀,로마의 휴일|영도|깔깔깔 희망버스
20284729,김민호,배우,스윙키즈
20258130,김민호,조명,타는 여자|등산의 목적
20227230,김민호,배우,용주골-무삭제판|용주골
20138953,김민호,애니메이션팀,뽀로로 극장판 컴퓨터 왕국 대모험|창백한 얼굴들|우리별 일호와 얼룩소|다이노 타임|집|제불찰씨 이야기
10009928,오토 바서스트,감독,후드
20100014,데이빗 예이츠,감독,신비한 동물들과 그린델왈드의 범죄|신비한 동물사전|레전드 오브 타잔|해리포터와 죽음의 성물2|해리 포터와 죽음의 성물1|해리 포터와 혼혈 왕자|해리 포터와 불사조 기사단|카페의 소녀
10013865,라세 할스트롬,감독,호두까기 인형과 4개의 왕국|베일리 어게인|로맨틱 레시피|세이프 헤이븐|최면 전문의|사막에서 연어낚시|디어 존|하치 이야기|혹스: 욕망의 법칙|카사노바|언피니쉬드 라이프|쉬핑 뉴스|초콜릿|사이더 하우스|줄리아 로버츠의 사랑게임|길버트 그레이프|아바
10046021,앤드류 하얏트,감독,바울
20178840,페드 알바레즈,감독,거미줄에 걸린 소녀|맨 인 더 다크|이블 데드
10032981,빅터 아즈에프,감독,투 프렌즈
20324132,박준수,배우,스물 아홉살
20135421,박준수,배우,스윙키즈
20311772,박준수,감독,브링 더 소울 : 더 무비|번 더 스테이지: 더 무비
20320963,박준수,VFX 아티스트,남자와 여자
20135426,박준수,촬영팀,남자와 여자|주유소 습격사건 2
20135423,박준수,라인프로듀서,안시성|청년경찰|공조|특별수사: 사형수의 편지|돌연변이|악의 연대기|해무(海霧)|관상|차이나 블루|수목장|연가시|특수본|심장이 뛴다|악마를 보았다|구르믈 버서난 달처럼|채식주의자|헬로우 마이 러브|실종|6월의 일기
20135425,박준수,조명팀,차우
20135420,박준수,배우,계몽영화
20135419,박준수,배우,무법자
20135418,박준수,배우,폭력써클
20139889,노규엽,조감독,출국|배꼽|미인도|우아한 세계
10063620,제이슨 라이트맨,감독,"고스트버스터즈 2020|툴리|멘, 우먼 & 칠드런|레이버 데이|영 어덜트|인 디 에어|주노|흡연, 감사합니다"
20311469,우시지마 신이치로,감독,너의 췌장을 먹고 싶어
10058831,임진순,감독,동네사람들|슈퍼스타|해적 디스코왕 되다|일월영측|원격조정
20125023,임진순,홍보/마케팅 진행,물고기|집으로...|2009로스트메모리즈|나쁜 남자|파이란
20154387,임진순,배우,과속스캔들
20163470,김정환,VFX 아티스트,스윙키즈|안시성|마녀|레슬러|미니특공대X|물괴|신과함께-죄와 벌|7호실|침묵|살인자의 기억법|리얼|조작된 도시|우리 손자 베스트|코인라커|한경직|스타: 빛나는 사랑|불꽃처럼 나비처럼|역도산
20163500,김정환,조감독,이브들의 발칙한 수다|트릭|복숭아나무|슈퍼스타|7월 32일
20309609,김정환,감독,해피 투게더
20188266,김정환,제작,변산|사토미를 찾아라|스케치
20113661,김정환,라인프로듀서,박열|소원|사이코메트리|뒷담화: 감독이 미쳤어요|베를린|타워|음치 클리닉 |점쟁이들|R2B: 리턴투베이스|고지전|량강도 아이들|부당거래|해결사|요술|방자전|굿모닝 프레지던트|그림자 살인|차우|모던보이|크로싱|가면|진주는 공부중|케이지|안단테|무서운 이야기 '앰뷸런스'|퀘스천
20300190,김정환,세트팀,7호실
20197129,김정환,라인프로듀서,미옥|침묵|남과 여|더 폰|사도|따라지 : 비열한 거리|무뢰한|쥬로링 동물탐정 극장판|국제시장|빅매치|내비게이션|무명인|유령
20224110,김정환,특수촬영,시소|물숨|연평해전
20260874,김정환,포스터사진,우리 연애의 이력
20260909,김정환,편집팀,짐작보다 따뜻하게
10087253,김성훈,배우,"백두산|PMC: 더 벙커|클로젯|신과함께-인과 연|1987|신과함께-죄와 벌|서서평, 천천히 평온하게|싱글라이더|터널|아가씨|아가씨(확장판)|암살|허삼관|군도: 민란의 시대|롤러코스터|더 테러 라이브|베를린|577 프로젝트|러브픽션|범죄와의 전쟁: 나쁜놈들 전성시대|의뢰인|황해|평행이론|국가대표 완결판-못 다한 이야기|국가대표|보트|잘 알지도 못하면서|멋진 하루|비스티 보이즈|추격자|우리 생애 최고의 순간|숨|두 번째 사랑|구미호 가족|시간|용서받지 못한 자|잠복근무|슈퍼스타 감사용|마들렌|티파니에서 아침을"
20183459,김성훈,조명팀,해피 투게더|아메리카 타운|목격자|처음엔 다 그래|여배우는 오늘도|청년경찰|인천상륙작전|트릭|우주의 크리스마스|널 기다리며|고령화 가족
20186633,김성훈,현장편집,"동네사람들|행복의 나라|데자뷰|지워야 산다|중독노래방|길|원라인|히야|로봇, 소리|돌연변이|장수상회|몽골리안 프린세스|기술자들|좋은 친구들|군도: 민란의 시대|관상|무서운 이야기 3 : 화성에서 온 소녀"
10004659,김성훈,동시녹음,"영주|대관람차|남자와 여자|대물 변강쇠|동거:친구의 여자친구|두 엄마|쇠파리|스캔들 III|스캔들 II|로마서 8:37|꿈의 제인|파파좀비|스캔들|그랜드파더|최악의 하루|역모-반란의 시대|멜리스|미라클 여행기|배우는 배우다|전설의 주먹|약탈자들|언니가 간다|아랑|사랑을 놓치다|가발|공공의 적 2|발레 교습소|귀신이 산다|그녀를 믿지 마세요|와일드 카드|동갑내기 과외하기|욕망|광복절 특사|2424|폰|버스, 정류장|소름|광시곡|행복한 장의사|파란대문|고백|배낭을 멘 소년 "
20201555,김성훈,배우,궁합|야간비행
20128773,김성훈,감독,창궐|공조|마이 리틀 히어로
20293708,김성훈,VFX 슈퍼바이저,여곡성|물괴|원스텝
20183456,김성훈,애니메이션팀,뽀로로 극장판 슈퍼썰매 대모험|날으는 돼지 - 해적 마테오
10004661,김성훈,프로듀서,젊은남편 젊은아빠|살인자의 기억법|형의 여자|야한이야기|부부의 스폰서|러시아 엄마|젊은엄마 : 디 오리지널|착한 여비서의 목적|젊은 엄마 4|무수단|관음증|젊은 엄마 3|젊은엄마 : 내 나이가 어때서|검은손|대한민국 1%|아내가 결혼했다|므이|거룩한 계보|강력 3반|웰컴 투 동막골|네발가락|킬러들의 수다|하루
20233706,김성훈,온라인마케팅,임금님의 사건수첩|싱글라이더|마이 페어 웨딩
10077207,크리스 콜럼버스,감독,"픽셀|퍼시 잭슨과 번개 도둑|아이 러브 유, 베스 쿠퍼|렌트|해리포터와 비밀의 방|해리포터와 마법사의 돌|바이센테니얼 맨|스텝맘|나인 먼쓰 |미세스 다웃파이어 |나 홀로 집에 2|나홀로 집에|피라미드의 공포|구니스 |그렘린 "
20260332,유영선,분장팀,리벤져|실종: 사라진아내
20157236,유영선,감독,여곡성|마녀|동면의 소녀|마녀+동면의 소녀
20151972,유영선,윤색,"날, 보러와요|잉투기|특수본"
20151971,유영선,배우,Mr.아이돌
10053843,유영선,음악,쉿! 그녀에겐 비밀이에요
20151970,유영선,연출팀,므이|방과후 옥상|혈의 누|불어라 봄바람
20125835,유영선,감독,밀크보이즈|어둠의 저편(가제)
10058386,일라이 로스,감독,벽 속에 숨은 마법시계|데스 위시|그린 인페르노|노크 노크|애프터쇼크|그라인드 하우스|호스텔 2|호스텔|캐빈 피버
10032109,브래들리 쿠퍼,배우,어벤져스: 엔드게임|라스트 미션|스타 이즈 본|어벤져스: 인피니티 워|가디언즈 오브 갤럭시 VOL. 2|조이|더 셰프|알로하|세레나|아메리칸 스나이퍼|가디언즈 오브 갤럭시|아메리칸 허슬|플레이스 비욘드 더 파인즈|행오버3|실버라이닝 플레이북|더 스토리: 세상에 숨겨진 사랑|히트 앤 런|리미트리스|행오버 2|A-특공대|발렌타인 데이|행오버|뉴욕 아이 러브 유|미드나잇 미트 트레인
10045012,아리 산델,감독,구스범스: 몬스터의 역습|퀸카가 아니어도 좋아|와일드 웨스트 코미디 쇼
10011631,데이빗 고든 그린,감독,할로윈|스트롱거|맹글혼|조|프린스 아발란체|더 시터|유어 하이니스|파인애플 익스프레스|스노우 엔젤스|올 더 리얼 걸스|언더토우|조지 워싱턴
10006086,김태균,감독,"암수살인|봄, 눈|써클|세이예스|신장개업|닥터 K|억수탕(3pm Paradise)|반짝반짝 두근두근|2015 GSFF 배우 특별전: 김수안 |[PDFF2015] 장애인미디어운동1 + 한국영화초청3"
20184302,김태균,작사/작곡/편곡,슈퍼 빼꼼: 스파이 대작전|관음증|어떤 가족|환상속의 그대
20264975,김태균,홍보/마케팅 진행,"조작된 도시|공조|마스터|가려진 시간|고산자, 대동여지도"
20238326,김태균,제작,비스티걸스|바리새인
20276729,김태균,,슈퍼 빼꼼: 스파이 대작전
20274249,김태균,감독,월척
20267935,김태균,감독,영화를 만드는 사람|화인|시인|애니 교복 입는 데이
20128470,김태균,조감독,천국의 셋방(무삭제)|꿈은 이루어진다|정승필 실종사건|분홍돌고래
10006085,김태균,감독,"연애담|연애의 발동 : 상해 여자, 부산 남자|가시|잉투기|맨발의 꿈|피안도|크로싱|백만장자의 첫사랑|늑대의 유혹|이공|화산고|키스할까요|박봉곤 가출사건|남자는 괴로워|나의 사랑, 나의 신부|아임 오케이|편의점2시|3인 3색 러브스토리 : 사랑즐감"
20225373,김태균,촬영팀,뷰티 인사이드|베테랑
10057572,이지원,감독,미쓰백|우아한 세계|주홍글씨|번지점프를 하다|그녀에게|판타스틱 자살소동
20314695,이지원,배우,라라|미쓰백
20199635,이지원,배우,"히트맨|미친도시|오목소녀|오장군의 발톱|1급기밀|희생부활자|개를 훔치는 완벽한 방법|못|안녕, 투이"
20230501,이지원,애니메이션팀,"미니특공대X|안녕, 전우치! 도술로봇대결전"
20314684,이지원,배우,속닥속닥
20314683,이지원,배우,바람 바람 바람
20314682,이지원,VFX 매니지먼트,국가부도의 날|안시성|협상|인랑
20312537,이지원,배우,쎈놈들의 반란
10057571,이지원,각색,오싹한 연애|하늘정원
20225949,이지원,그립,챌린지 게임|입영전야|개인교수: 심화학습|다른 길이 있다|P.S. 걸|하숙집 2|유부녀들
10068277,존 추,감독,크레이지 리치 아시안|나우 유 씨 미 2|지.아이.조 2|저스틴 비버 : 네버 세이 네버|스텝 업 3D|스텝업 2 : 더 스트리트
10009698,데이미언 셔젤,감독,퍼스트맨|라라랜드|위플래쉬
20120723,루벤 플레셔,감독,베놈|갱스터 스쿼드|털기 아니면 죽기 : 제한시간 30분|좀비랜드
10024440,마크 포스터,감독,곰돌이 푸 다시 만나 행복해|월드 워 Z|머신건 프리처 감독판|머신건 프리처|007 퀀텀 오브 솔러스|연을 쫓는 아이|스트레인저 댄 픽션|스테이|네버랜드를 찾아서|몬스터 볼
10003620,김광식,감독,안시성|찌라시: 위험한 소문|내 깡패 같은 애인|오프 로드|오아시스|얼굴|억수탕(3pm Paradise)|비천괴수
20221370,김광식,제작팀,인천상륙작전|남과 여|개: dog eat dog|연애의 맛
20189219,김광식,배우,그녀가 부른다
20146961,김광식,세트팀,이브의 유혹 - 그녀만의 테크닉
20146960,김광식,케이블맨,만남의 광장|극락도 살인사건
20128473,김광식,배우,핑크 토끼|맨손으로 죽여라?
20138147,박진영,DI팀,"나랏말싸미|PMC: 더 벙커|스윙키즈|완벽한 타인|레슬러|리틀 포레스트|신과함께-인과 연|독전|신과함께-죄와 벌|기억의 밤|미옥|침묵|범죄도시|남한산성|하루|살인자의 기억법|더 테이블|불한당: 나쁜 놈들의 세상|싱글라이더|당신, 거기 있어줄래요|밀정|미씽: 사라진 여자|럭키|비밀은 없다|도리화가|검은 사제들|성난 변호사|뷰티 인사이드|협녀, 칼의 기억|사도|나의 절친 악당들|쎄시봉|상의원|국제시장|타짜-신의 손|우는 남자|소수의견|방황하는 칼날|찌라시: 위험한 소문|수상한 그녀|집으로 가는 길|감시자들|고령화 가족|공범|환상속의 그대|런닝맨|베를린|마이 리틀 히어로|나의 PS 파트너 |26년|R2B: 리턴투베이스|5백만불의 사나이|내 아내의 모든 것|시체가 돌아왔다|커플즈|완득이|카운트다운|푸른소금|퀵|체포왕|써니|심장이 뛴다|여의도|페스티발|심야의 F.M.|이끼|파괴된 사나이|사요나라 이츠카|하모니|홍길동의 후예|백야행|내 사랑 내 곁에|애자|구세주 2|잘 알지도 못하면서|김씨표류기|달콤한 거짓말|무림여대생|허밍|저수지에서 건진 치타|권순분여사 납치사건|황진이|수|최강로맨스|중천|라디오 스타|아들의 여자"
20193157,박진영,촬영팀,리벤져|고백할 수 없는|플랑크 상수|해적: 바다로 간 산적|우아한 거짓말
20305089,박진영,감독,배반의 장미
20248704,박진영,배우,"암수살인|공작|더 킹|고산자, 대동여지도|우리 연애의 이력|세컨어카운트"
20317016,박진영,기타,궁합
20300749,박진영,배우,반도에 살어리랏다
20286647,박진영,배우,눈발
20125819,박진영,배우,5백만불의 사나이|빛나는 졸업장
20185365,박진영,연출팀,흔들리는 물결|부곡 하와이|고령화 가족
20197106,박진영,분장팀,연평해전|맨홀
10056329,이시다 히로야스,감독,펭귄 하이웨이|태양소년 이슬소녀|비오는 마을|후미코의 고백|이시다 히로야스 X 아라이 요지로 특별전
10086194,올리버 달리,감독,액슬
10044124,마이크 데블린,감독,다이노 어드벤처: 에일리언 월드|다이노 어드벤처2: 육해공 공룡 대백과|다이노 어드벤처: 뉴 자이언트|다이노 어드벤처: 육해공 킬러 엘리트
10068082,존 스티븐슨,감독,모차르트: 프라하의 서곡|모래요정과 아이들|애니멀 팜
10068081,존 스티븐슨,감독,셜록 놈즈|쿵푸 팬더
20114792,이종석,감독,협상|그것만이 내 세상|히말라야|국제시장|더 킥|리턴
20159920,이종석,프로듀서,극한직업|머니백|치명도수: RESET|쓰리 썸머 나잇|타짜-신의 손|깡철이|반창꼬|코리아|간기남|써니|해결사|용서는 없다|로니를 찾아서|과속스캔들|전투의 매너|색다른 동거|허밍|최강로맨스|청출어람|무서운 이야기 2 '절벽'
20127912,이종석,배우,브이아이피|피끓는 청춘|노브레싱|관상|R2B: 리턴투베이스|코리아
10057383,이종석,조명,마차 타고 고래고래|아빠는 딸|빅매치|박수건달|가비|나쁜 피|무산일기|방가? 방가!|무적자|작은 연못|집 나온 남자들|달콤한 거짓말|무방비도시|스카우트|구미호 가족|사생결단|여교수의 은밀한 매력|광식이 동생 광태|미스터 소크라테스|오! 브라더스|와일드 카드|쇼쇼쇼(Show Show Show)|패밀리|세이예스
20249810,이종석,연출팀,입영전야 무삭제: 여선배의 자취방 버전
20159925,이종석,VFX 아티스트,터널|엽기적인 그녀 2|번개맨|모노폴리
20165413,이종석,프로듀서,블랙 가스펠|동해물과 백두산이
20159928,이종석,운송,극락도 살인사건
20159923,이종석,소품팀,발레 교습소|아는 여자
10023193,마이클 수지,감독,에브리데이|서약|그레이 가든스
10029586,박희곤,감독,명당|챔피언|퍼펙트 게임|인사동 스캔들|아 유 레디?
20134341,조원희,VFX 아티스트,"행복의 나라|신과함께-인과 연|독전|신과함께-죄와 벌|대립군|리얼|조작된 도시|서부전선|해적: 바다로 간 산적|화이: 괴물을 삼킨 아이|Mr.아이돌|오직 그대만|최종병기 활|고지전|마마|사랑한다, 사랑하지 않는다|꿈은 이루어진다|끝과 시작|전우치|불꽃처럼 나비처럼|여고괴담 5|거북이 달린다|서양 골동 양과자점 앤티크|가벼운 잠|두 사람이다|지금 사랑하는 사람과 살고 있습니까?|리턴|열세살 수아|그해 여름|애정결핍이 두 남자에게 미치는 영향|엽기적인 그녀|친구|번지점프를 하다|무서운 이야기 3 '기계령'"
10066769,조원희,배우,물괴|착한 살인자들|신기전|마지막 선물|김관장 대 김관장 대 김관장|무영검|페이스|태극기 휘날리며|블루|울랄라씨스터즈|잎새|베사메무쵸|오! 수정|자귀모(자살한 귀신들의 모임)|크리스마스에 눈이 내리면|세상은 살만큼 아름답다|울아빠
10066770,조원희,감독,원더풀 고스트|죽이고 싶은|애니 프란체스카
20134340,조원희,작화감독,달빛궁궐|오세암
20232546,조원희,각색,조선마술사
10066768,조원희,현장편집,"탐정 : 더 비기닝|무뢰한|표적|집으로 가는 길|노브레싱|감기|바람과 함께 사라지다|미확인 동영상 : 절대클릭금지|최종병기 활|킬 미|트럭|어깨 너머의 연인|브라보 마이 라이프|므이|무도리|호로비츠를 위하여|달콤, 살벌한 연인|홀리데이|신석기 블루스|령|아라한 장풍대작전|해피 에로 크리스마스"
20065044,조원희,스크립터,마들렌
10076618,코린 하디,감독,더 넌
10011005,아니쉬 차간티,감독,서치
20171642,우시로 신지,감독,극장판 요괴워치 섀도사이드: 도깨비왕의 부활|극장판 요괴워치: 하늘을 나는 고래와 더블세계다냥!|극장판 요괴워치: 탄생의 비밀이다냥!|스트레이트 재킷
10052360,울프강 라우엔슈타인,감독,루이스
10086268, 크리스토프 라우엔슈타인,감독,루이스
10080742,닛타 노리오,감독,에그엔젤 코코밍: 두근두근 핼러윈 파티|극장판 에그엔젤 코코밍: 푸르밍과 두근두근 코코밍 세계
20309473,정미화,감독,극장판 뽀잉: 슈퍼 변신의 비밀
10061743,정미화,시나리오(각본),비응호제
10088447,허종호,감독,물괴|성난 변호사|카운트다운|눈부신 날에|얼굴값|승부
20321881,이석근,촬영팀,도어락|해피 투게더
10055945,이석근,감독,너의 결혼식|부라더|범죄도시|누가 예수를 죽였는가?
10037886,쉐인 블랙,감독,더 프레데터|나이스 가이즈|언럭키맨|아이언맨 3|키스 키스 뱅뱅|롱 키스 굿나잇 
10019336,리 워넬,배우,업그레이드|인시디어스 3|인시디어스|쏘우
10031397,변혁,감독,상류사회|주홍글씨|서프라이즈|인터뷰|올슨|His Concern|어머니의 여름|호모 비디오쿠스
10051071,올 파커,감독,맘마미아!2|나우이즈굿 |베스트 엑조틱 메리골드 호텔|이매진 미 앤 유
20115572,김용화,감독,저격자 
10005151,김용화,감독,백두산|신과함께-인과 연|신과함께-죄와 벌|미스터 고|마이 웨이|국가대표 완결판-못 다한 이야기|국가대표|미녀는 괴로워|오! 브라더스|자반고등어
20165115,김용화,배우,분홍신
10054495,윤종빈,감독,공작|춘몽|검사외전|허삼관|군도: 민란의 시대|범죄와의 전쟁: 나쁜놈들 전성시대|비스티 보이즈|용서받지 못한 자
20226750,윤종빈,제작팀,필름시대사랑
20155998,윤종빈,제작관리,모비딕
10065265,조규장,감독,목격자|그날의 분위기|낙타는 말했다|봉수
20113359,조규장,프로듀서,샘 퍼킨파 회고전
10029772,발타자르 코루마쿠르,감독,어드리프트:우리가 함께한 바다|오스|에베레스트|투건스|콘트라밴드|살인의 기억|천국으로 가는 초라한 여행|폭풍의 계절|보이지 않는 세계|성난 바다|레이캬비크|버림받은 천사들|분열|아그네스의 원죄 
10086171,수잔나 포겔,감독,나를 차버린 스파이
10077515,크리스토퍼 맥쿼리,감독,미션 임파서블: 폴아웃|미션 임파서블: 로그네이션|잭 리처|웨이 오브 더 건|유주얼 서스펙트
10045281,알폰소 쿠아론,감독,로마|그래비티|칠드런 오브 맨|해리포터와 아즈카반의 죄수|이투마마|위대한 유산 |러브 앤 히스테리|도대체 그 남자가 누구야
10001386,젠디 타타코브스키,감독,몬스터 호텔 3|몬스터 호텔 2|몬스터 호텔
20100022,존 터틀타웁,감독,쿨 러닝 |닌자 키드
10068421,존 터틀타웁,감독,메가로돈|라스트베가스|마법사의 제자|내셔널 트레져:비밀의 책|내셔널 트레져|키드|인스팅트 |페노메논 |당신이 잠든 사이에 
10085782,피터 버그,감독,마일22|패트리어트 데이|딥워터 호라이즌|론 서바이버 |배틀쉽|핸콕|킹덤|프라이데이 나잇 라이트|웰컴 투 더 정글|코르키 로마노|베리배드씽|기적의 터치다운|질주|영혼의 목걸이
10085783,피터 버그,감독,블레임 람바다
10055319,이마이 카즈아키,감독,극장판 도라에몽: 진구의 보물섬
10021027,타치카와 유즈루,감독,명탐정 코난 : 제로의 집행인
20306533,최신규,감독,극장판 헬로카봇 : 달나라를 구해줘!|극장판 헬로카봇: 옴파로스 섬의 비밀|극장판 공룡메카드: 타이니소어의 섬|극장판 헬로카봇 : 백악기 시대|헬로 카봇
10072439,최신규,제작,최강전사 미니특공대 : 새로운 악당의 습격|오세암|고인돌|탑블레이드Vol.1|탑블레이드Vol.2|탑블레이드Vol.3
20306433, 김진철,작화감독,극장판 헬로카봇 : 달나라를 구해줘!|극장판 헬로카봇: 옴파로스 섬의 비밀|극장판 헬로카봇 : 백악기 시대|헬로 카봇
10005948, 김진철,미술/프로덕션 디자인,"그날, 바다|오장군의 발톱|처음엔 다 그래|아빠는 딸|그래, 가족|나홀로 휴가|연애의 맛|정사: 위험한 성적 유희 무삭제판|정사: 위험한 성적유희|가비|심장이 뛴다|4교시 추리영역|흑심모녀|황진이|6월의 일기|썸|스캔들-조선남녀상열지사|쓰리|고양이를 부탁해|정사"
20295835, 김진철,촬영팀,노래방 : 화끈한 여자들|유부녀들의 맛|밀애 : 친구의 아내|개인교수 : 성적 올리기|여친 언니|젊은 엄마 친구|착한 이모의 은밀한 아르바이트|성인용품 사용설명서|젊은엄마네하숙집|내 학생의 엄마 3|맛있는 스와핑|엄마의 유혹|금지된 섹스|인공지능 섹스돌|스와핑 : 친구의 아내 2|신혼부부의 성생활|연애 : 엄마친구|친구엄마들|하숙집 여자들|아내의 애인 2|정사 : 아내의 친구|새오빠2|룸싸롱 여대생들|착한 엄마 2|바람난 여자들2|사촌 누나|불륜 동창회|비뇨기과 여의사들|미용실 : 특별한 서비스 2|외출 2|내 학생의 엄마 2|착한 형수 2|여자 보험왕 : 그녀의 영업비밀|착한 엄마 친구|불륜가족
20315019, 김진철,배우,레슬러
20315053, 김진철,배우,B급 며느리
20227419, 김진철,VFX 아티스트,완벽한 타인|7년의 밤|강철비|브이아이피|장산범|불한당: 나쁜 놈들의 세상|보안관|더 킹|아수라|덕혜옹주|아가씨|럭키|검사외전|대호|암살
20161743, 김진철,배우,갈갈이 패밀리와 드라큐라
20161742, 김진철,메이킹필름,마마 앤드 파파
10005947, 김진철,촬영,너에게 나를 보낸다 2|부킹쏘나타|너에게 받은 흔적|짧은 시간 긴 시간|내가 성에 관해 알고 있는 몇가지 이야기들
10032042,브래드 버드,감독,인크레더블 2|투모로우랜드|미션임파서블:고스트프로토콜|라따뚜이|인크레더블|심슨 가족|아이언 자이언트
10004265,김병갑,감독,신비아파트: 금빛 도깨비와 비밀의 동굴|마당을 나온 암탉|쩨쩨한 로맨스|마법천자문: 대마왕의 부활을 막아라|아치와 씨팍|왕후 심청
20070799,고레에다 히로카즈,감독,어느 가족|세 번째 살인|태풍이 지나가고|바닷마을 다이어리|그렇게 아버지가 된다|엔딩노트|진짜로 일어날지도 몰라 기적|공기인형|걸어도 걸어도|하나|아무도 모른다|디스턴스|원더풀 라이프|환상의 빛|그러나... 복지를 버리는 시대로|또 하나의 교육
20320378,김지운,케이블맨,마약왕
20165512,김지운,홍보/마케팅 진행,오목소녀|죄 많은 소녀|메소드|여자들|아이들...
20314900,김지운,촬영팀,안시성
10005852,김지운,감독,"인랑|밀정|라스트 스탠드|악마를 보았다|악마를 보았다 감독판|좋은 놈, 나쁜 놈, 이상한 놈 |좋은 놈, 나쁜 놈, 이상한 놈(칸버전)|감독들, 김기영을 말하다|달콤한 인생|장화, 홍련|쓰리|쓰리 메모리즈|반칙왕|커밍 아웃|조용한 가족|더 엑스|사랑의 가위바위보|선물|사랑의 힘|제13회 미쟝센 단편영화제 김지운 단편 특별전1|제13회 미쟝센 단편영화제 김지운 단편 특별전2|제13회 미쟝센 단편영화제 김지운 감독 마스터클래스|인류멸망 보고서|인류 멸망 보고서 '천상의 피조물' "
20131144,김지운,소품,"동네사람들|협상|꾼|조작된 도시|협녀, 칼의 기억|경성학교: 사라진 소녀들|더 테너 리리코 스핀토|피끓는 청춘|관상|사랑해! 진영아|베를린|내가 살인범이다|코리아|로맨틱 헤븐|평양성|꿈은 이루어진다|미인도|서울이 보이냐"
20300250,김지운,촬영장비,채비
20295715,김지운,조명팀,특별시민
20209026,김지운,,"항로-제주,조선,오사카"
20165511,김지운,홍보/마케팅 진행,간첩|달팽이의 별|체포왕|헬로우 고스트|하녀|하모니|사랑
20165514,김지운,배우,커플즈
10083194,페이튼 리드,감독,앤트맨과 와스프|앤트맨|예스맨|브레이크 업 : 이별후애(愛)|다운 위드 러브|브링잇온
10029578,박훈정,감독,마녀|브이아이피|대호|신세계|혈투|부당거래|악마를 보았다
20139775,박훈정,배우,썸머 타임
